#,SKU Code,SKU Name (original),Folder Name,Brand,Manufacturer,Pack,MRP,Image Count
1,4a032fcc-b058-46e2-9fda-0834c74019c0,"Ajay 101 - Hard Thoothbrush , 50 Pcs","Ajay 101 - Hard Thoothbrush , 50 Pcs",Ajay,Raghav Lifestyle Products,50 Pcs,20,0
2,100bd47e-359f-47a0-80d8-43bd31e4c33a,"Ajay 101 - Medium Hard Thoothbrush , 50 Pcs","Ajay 101 - Medium Hard Thoothbrush , 50 Pcs",Ajay,Raghav Lifestyle Products,50 Pcs,20,0
3,7959e724-e04f-4d00-912e-08e99e40dce4,"Ajay 101 - Medium Quest Thoothbrush, 12 Pcs","Ajay 101 - Medium Quest Thoothbrush, 12 Pcs",Ajay,Raghav Lifestyle Products,12 Pcs,20,0
4,2a0351de-d521-44ac-a2a9-9ec1c4483b5f,"Ajay 101 - Soft Thoothbrush, 50 Pcs","Ajay 101 - Soft Thoothbrush, 50 Pcs",Ajay,Raghav Lifestyle Products,50 Pcs,1000,0
5,b931bccf-ea84-42ac-ad6e-e69ad549f9c7,"Ajay 101 - Soft Quest Thoothbrush, 12 Pcs","Ajay 101 - Soft Quest Thoothbrush, 12 Pcs",Ajay,Raghav Lifestyle Products,12 Pcs,20,0
6,95a8d67a-79d1-45c8-aa4f-02267b1f43c3,"Ajay 103 - Junior Complete Thoothbrush, 12 Pcs","Ajay 103 - Junior Complete Thoothbrush, 12 Pcs",Ajay,Raghav Lifestyle Products,12 Pcs,18,0
7,7709a9b6-a4a3-4ef1-9b8d-88ef32c1922c,"Ajay 104 - Comfort Thoothbrush, 12 Pcs","Ajay 104 - Comfort Thoothbrush, 12 Pcs",Ajay,Raghav Lifestyle Products,12 Pcs,10,0
8,e86a41fb-5c9d-4f5d-a361-8a2c1a436c79,"Ajay 107 - Complete Thoothbrush, 12 Pcs","Ajay 107 - Complete Thoothbrush, 12 Pcs",Ajay,Raghav Lifestyle Products,12 Pcs,18,0
9,34ef4eaa-19c1-48dd-af90-85d213406b0b,"Ajay 108 - Thoothbrush, 12 Pcs","Ajay 108 - Thoothbrush, 12 Pcs",Ajay,Raghav Lifestyle Products,12 Pcs,25,0
10,54cd2868-1098-489e-8fec-0be4eed927dd,"Ajay 109 - Sensitive Plus Thoothbrush, 32 Pcs","Ajay 109 - Sensitive Plus Thoothbrush, 32 Pcs",Ajay,Raghav Lifestyle Products,32 Pcs,36,0
11,5e6086f6-bf7f-43b9-8549-13af3b07441d,"Ajay 109 - Sensitive Plus Thoothbrush, 7 Pcs","Ajay 109 - Sensitive Plus Thoothbrush, 7 Pcs",Ajay,Raghav Lifestyle Products,7 Pcs,36,0
12,bb4bbf59-d88d-402f-8cc2-a9ba922912ab,"Ajay 110 - Prime Thoothbrush, 9 Pcs","Ajay 110 - Prime Thoothbrush, 9 Pcs",Ajay,Raghav Lifestyle Products,9 Pcs,27,0
13,e1ad280e-18bc-4d77-8b60-5bf1de797b97,"Ajay 121 - Compact Thoothbrush, 12 Pcs","Ajay 121 - Compact Thoothbrush, 12 Pcs",Ajay,Raghav Lifestyle Products,12 Pcs,16,0
14,192f4b02-14a1-45a5-9ff8-b57624357a49,"Ajay Shaving Brush, Pack of 1","Ajay Shaving Brush, Pack of 1",Ajay,Raghav Lifestyle Products,1 Pack,55,0
15,af68de36-af4f-44ae-890b-2bb0321ee1c9,"Ajay 101 - Medium Quest Thoothbrush 3+1 Offer, Pack of 1","Ajay 101 - Medium Quest Thoothbrush 3+1 Offer, Pack of 1",Ajay,Raghav Lifestyle Products,1 Pack,66,0
16,ac9b68ca-3cd5-460a-8037-763d6cc2a76e,"Ajay 101 - Soft Quest Thoothbrush 3+1 Offer, Pack of 1","Ajay 101 - Soft Quest Thoothbrush 3+1 Offer, Pack of 1",Ajay,Raghav Lifestyle Products,1 Pack,66,0
17,105721c2-13f0-47da-adfe-055d95aeeae9,"Ajay 109 - Thoothbrush, Pack of 1","Ajay 109 - Thoothbrush, Pack of 1",Ajay,Raghav Lifestyle Products,1 Pack,72,0
18,ca1c9357-fd6f-43ea-8e7d-104a257c694e,"Priya Amla Pickle, 300 Gm","Priya Amla Pickle, 300 Gm",Priya,Ushodaya Enterprises Private Limited,300 Gram,103,0
19,e8abc243-743e-4596-a9ef-a9a1cca49fc0,"Priya Biryani Masala Paste, 90 Gm","Priya Biryani Masala Paste, 90 Gm",Priya,Ushodaya Enterprises Private Limited,90 Gram,36,0
20,4042db16-190a-4bd0-a164-4767eca96123,"Priya Biryani Masala Powder , 8 Gm","Priya Biryani Masala Powder , 8 Gm",Priya,Ushodaya Enterprises Private Limited,8 Gram,5,0
21,cd541250-20a9-4279-a5b8-9502320ef0a4,"Priya Chicken Masala Powder, 8 Gm","Priya Chicken Masala Powder, 8 Gm",Priya,Ushodaya Enterprises Private Limited,8 Gram,5,0
22,79b0b529-d7c8-40f0-9e97-671859fc409f,"Priya Premium Chilli Powder, 12 Gm","Priya Premium Chilli Powder, 12 Gm",Priya,Ushodaya Enterprises Private Limited,12 Gram,5,0
23,45815862-71da-4afa-8334-5e22184793ab,"Priya Premium Chilli Powder, 100 Gm","Priya Premium Chilli Powder, 100 Gm",Priya,Ushodaya Enterprises Private Limited,100 Gram,50,0
24,3cec1a82-6b53-4bdd-9d73-7340d715d902,"Priya Premium Chilli Powder, 200 Gm","Priya Premium Chilli Powder, 200 Gm",Priya,Ushodaya Enterprises Private Limited,200 Gram,96,0
25,eb686158-f7ab-429f-b519-fe9f3ee2c386,"Priya Premium Chilli Powder, 50 Gm","Priya Premium Chilli Powder, 50 Gm",Priya,Ushodaya Enterprises Private Limited,50 Gram,25,0
26,0e05f65d-e2a9-4cab-aaac-a5be1b5baa3b,"Priya Premium Chilli Powder, 500 Gm","Priya Premium Chilli Powder, 500 Gm",Priya,Ushodaya Enterprises Private Limited,500 Gram,275,0
27,d471b00a-1201-4d64-ab60-bda7ac33b10a,"Priya Cut Mango Pickle, 300 Gm","Priya Cut Mango Pickle, 300 Gm",Priya,Ushodaya Enterprises Private Limited,300 Gram,103,0
28,a18f5880-a0ed-45d6-b2d9-12830d4909b7,"Priya Delite Ginger Garlic Paste, 1 Kg","Priya Delite Ginger Garlic Paste, 1 Kg",Priya,Ushodaya Enterprises Private Limited,1 Kilogram,270,0
29,9e6af9b8-3a2e-4694-a9ba-c5d3fac258e2,"Priya Delite Ginger Garlic Paste, 500 Gm","Priya Delite Ginger Garlic Paste, 500 Gm",Priya,Ushodaya Enterprises Private Limited,500 Gram,100,0
30,62bf3da4-a857-45bf-8405-f9bfe26b59b4,"Priya Coriander Powder, 15 Gm","Priya Coriander Powder, 15 Gm",Priya,Ushodaya Enterprises Private Limited,15 Gram,5,0
31,0157bf82-6054-4081-9dcc-af02a731b169,"Priya Coriander Powder, 100 Gm","Priya Coriander Powder, 100 Gm",Priya,Ushodaya Enterprises Private Limited,100 Gram,35,0
32,99e6045f-27cb-4bcf-b2cc-eaf46e844525,"Priya Coriander Powder, 500 Gm","Priya Coriander Powder, 500 Gm",Priya,Ushodaya Enterprises Private Limited,500 Gram,150,0
33,c95fd8aa-c6c8-4293-babf-f7a58c67433d,"Priya Egg Masala, 8 Gm","Priya Egg Masala, 8 Gm",Priya,Ushodaya Enterprises Private Limited,8 Gram,5,0
34,e9942333-d2e0-410e-bd13-3562e2177350,"Priya Fish - Fry Masala, 8 Gm","Priya Fish - Fry Masala, 8 Gm",Priya,Ushodaya Enterprises Private Limited,8 Gram,5,0
35,18dfffeb-f94f-4042-83e8-b6cb58ff19d1,"Priya Catla Fish Masala, 8 Gm","Priya Catla Fish Masala, 8 Gm",Priya,Ushodaya Enterprises Private Limited,8 Gram,5,0
36,7c92e5f2-7685-4e72-91dd-42f048e88dd1,"Priya Garam Masala, 8 Gm","Priya Garam Masala, 8 Gm",Priya,Ushodaya Enterprises Private Limited,8 Gram,5,0
37,fed8eede-bb7a-40fb-ac27-712594944adf,"Priya Garlic Pickle (Lahsun Ka Aachar), 300 Gm","Priya Garlic Pickle (Lahsun Ka Aachar), 300 Gm",Priya,Ushodaya Enterprises Private Limited,300 Gram,103,0
38,c3e34e7f-048c-469a-b279-2afb22c10850,"Priya Ginger Garlic Paste, 300 Gm","Priya Ginger Garlic Paste, 300 Gm",Priya,Ushodaya Enterprises Private Limited,300 Gram,85,0
39,e7dd12da-1ff9-46af-99c2-a85de989970a,"Priya Ginger Garlic Paste, 200 Gm","Priya Ginger Garlic Paste, 200 Gm",Priya,Ushodaya Enterprises Private Limited,200 Gram,62,0
40,703d6b8d-0d44-4bd2-a7a9-0795425024a1,"Priya Ginger Garlic Paste , 100 Gm","Priya Ginger Garlic Paste , 100 Gm",Priya,Ushodaya Enterprises Private Limited,100 Gram,35,0
41,a1b04562-fc74-467a-a204-4ce155da1940,"Priya Ginger Garlic Paste, 30 Gm","Priya Ginger Garlic Paste, 30 Gm",Priya,Ushodaya Enterprises Private Limited,30 Gram,10,0
42,c0dd2522-1f1b-4dcc-bc4b-8d7e006fa590,"Priya Ginger Garlic Paste, 15 Gm","Priya Ginger Garlic Paste, 15 Gm",Priya,Ushodaya Enterprises Private Limited,15 Gram,5,0
43,e16ad0f9-5451-4f6a-9245-a73922159bfc,"Priya Ginger Pickle, 300 Gm","Priya Ginger Pickle, 300 Gm",Priya,Ushodaya Enterprises Private Limited,300 Gram,103,0
44,3c38d0c9-3769-48d4-8cec-ab8e551ce395,"Priya Ginger Pickle, 40 Gm","Priya Ginger Pickle, 40 Gm",Priya,Ushodaya Enterprises Private Limited,40 Gram,10,0
45,41a24eda-9e51-4f8f-87fa-350a11e7c088,"Priya Gongura Pickle, 300 Gm","Priya Gongura Pickle, 300 Gm",Priya,Ushodaya Enterprises Private Limited,300 Gram,103,0
46,554ed052-aeeb-472a-9ad4-f3f5f240a6ab,"Priya Gongura Pickle, 40 Gm","Priya Gongura Pickle, 40 Gm",Priya,Ushodaya Enterprises Private Limited,40 Gram,10,0
47,4691824a-bc05-462a-bb6a-42087ad81262,"Priya Green Tamarind Pickle Without Garlic, 300 Gm","Priya Green Tamarind Pickle Without Garlic, 300 Gm",Priya,Ushodaya Enterprises Private Limited,300 Gram,103,0
48,ca02682c-fc45-48eb-8fc4-96fcf03b9968,"Priya Instant Gulab Jamun Mix , 175 Gm","Priya Instant Gulab Jamun Mix , 175 Gm",Priya,Ushodaya Enterprises Private Limited,175 Gram,133,0
49,e885d036-aad0-4995-ae6d-20bd74579dfc,"Priya Hyderabadi Chicken Biryani Masala, 8 Gm","Priya Hyderabadi Chicken Biryani Masala, 8 Gm",Priya,Ushodaya Enterprises Private Limited,8 Gram,5,0
50,6417a362-09ed-4f8e-aaed-20cc85ebad82,"Priya Papad Jeera Appalam, 100 Gm","Priya Papad Jeera Appalam, 100 Gm",Priya,Ushodaya Enterprises Private Limited,100 Gram,35,0
51,48743b69-7d88-4169-840d-f969919d1e8f,"Priya Lime Pickle in Lime Juice, 300 Gm","Priya Lime Pickle in Lime Juice, 300 Gm",Priya,Ushodaya Enterprises Private Limited,300 Gram,103,0
52,4153d068-2574-46cc-bd4e-97c718402939,"Priya Lime Pickle in Lime Juice, 40 Gm","Priya Lime Pickle in Lime Juice, 40 Gm",Priya,Ushodaya Enterprises Private Limited,40 Gram,10,0
53,e769dc57-5e8a-46e4-9c53-b302bc2f8bd5,"Priya Mango Avakaya Pickle, 300 Gm","Priya Mango Avakaya Pickle, 300 Gm",Priya,Ushodaya Enterprises Private Limited,300 Gram,103,0
54,f845fd90-8d90-44d9-bb59-a0f2adf36f5d,"Priya Mango Avakaya Pickle, 40 Gm","Priya Mango Avakaya Pickle, 40 Gm",Priya,Ushodaya Enterprises Private Limited,40 Gram,10,0
55,eccde15b-ffd0-4eba-a361-d44ac4ccc1a5,"Priya Mango Avakaya Pickle, 1 Kg","Priya Mango Avakaya Pickle, 1 Kg",Priya,Ushodaya Enterprises Private Limited,1 Kilogram,309,0
56,8fa482f5-c147-43b6-bd10-7ab3d58580d0,"Priya Mango Thokku Pickle, 300 Gm","Priya Mango Thokku Pickle, 300 Gm",Priya,Ushodaya Enterprises Private Limited,300 Gram,103,0
57,bcf40caf-cfa1-48bb-a39f-5c1cb7be432e,"Priya Mango Thokku Pickle, 40 Gm","Priya Mango Thokku Pickle, 40 Gm",Priya,Ushodaya Enterprises Private Limited,40 Gram,10,0
58,5aa6c4a2-3be0-4ef2-a8e9-c7471d85f3fb,"Priya Papad Masala Appalam, 100 Gm","Priya Papad Masala Appalam, 100 Gm",Priya,Ushodaya Enterprises Private Limited,100 Gram,35,0
59,1ee9038f-4c7d-4467-b833-3e166715f78f,"Priya Meat Masala, 8 Gm","Priya Meat Masala, 8 Gm",Priya,Ushodaya Enterprises Private Limited,8 Gram,5,0
60,3cf51fd9-0936-448e-bfab-361ff7fedbe4,"Priya Mixed Vegetable Pickle, 300 Gm","Priya Mixed Vegetable Pickle, 300 Gm",Priya,Ushodaya Enterprises Private Limited,300 Gram,103,0
61,ec467295-175c-4df0-8297-0bd8fdd56a13,"Priya Mixed Vegetable Pickle, 40 Gm","Priya Mixed Vegetable Pickle, 40 Gm",Priya,Ushodaya Enterprises Private Limited,40 Gram,10,0
62,dfa82a68-9dfc-45f8-a491-845c33fa5354,"Priya Non Veg Curry Masala Paste, 25 Gm","Priya Non Veg Curry Masala Paste, 25 Gm",Priya,Ushodaya Enterprises Private Limited,25 Gram,10,0
63,06d43ab7-da10-41d1-a300-e5a859bf54cd,"Priya Non Veg Curry Masala Paste, 90 Gm","Priya Non Veg Curry Masala Paste, 90 Gm",Priya,Ushodaya Enterprises Private Limited,90 Gram,31,0
64,7480f265-4415-4572-b6dc-545eef0e4d68,"Ramya Mango Avkaya Pickle, 1 Kg","Ramya Mango Avkaya Pickle, 1 Kg",Priya,Ushodaya Enterprises Private Limited,1 Kilogram,141,0
65,82243f28-6e75-4d95-9f83-1c3c68a194e4,"Ramya Mango Avkaya Pickle, 500 Gm","Ramya Mango Avkaya Pickle, 500 Gm",Priya,Ushodaya Enterprises Private Limited,500 Gram,75,0
66,0c8d25f0-26f5-4844-8495-7243de84b9a8,"Ramya Tomato Pickle, 1 Kg","Ramya Tomato Pickle, 1 Kg",Priya,Ushodaya Enterprises Private Limited,1 Kilogram,141,0
67,e19e3aa9-31f9-48ae-b365-d2f2ce2c7be5,"Ramya Tomato Pickle, 500 Gm","Ramya Tomato Pickle, 500 Gm",Priya,Ushodaya Enterprises Private Limited,500 Gram,75,0
68,f8490a31-63d2-43a3-864a-09d3891eed24,"Priya Premium Rasam Powder, 8 Gm","Priya Premium Rasam Powder, 8 Gm",Priya,Ushodaya Enterprises Private Limited,8 Gram,5,0
69,42c0b76a-0471-41d7-b6ad-06056dfd6620,"Priya Red Chilli Pickle, 300 Gm","Priya Red Chilli Pickle, 300 Gm",Priya,Ushodaya Enterprises Private Limited,300 Gram,103,0
70,65a91e50-9679-494e-8944-eb35d8d5f811,"Priya Red Chilli Pickle, 40 Gm","Priya Red Chilli Pickle, 40 Gm",Priya,Ushodaya Enterprises Private Limited,40 Gram,10,0
71,0a0cf7c6-833a-47b9-8759-183d0a0031b9,"Priya Premium Sambar Powder, 8 Gm","Priya Premium Sambar Powder, 8 Gm",Priya,Ushodaya Enterprises Private Limited,8 Gram,5,0
72,5d1fd8fe-b80f-4541-82b6-be2cd8f25fbe,"Priya Tamarind Paste, 100 Gm","Priya Tamarind Paste, 100 Gm",Priya,Ushodaya Enterprises Private Limited,100 Gram,28,0
73,d63ae502-8a66-4543-99b5-d4f39e27680c,"Priya Tomato Pickle, 40 Gm","Priya Tomato Pickle, 40 Gm",Priya,Ushodaya Enterprises Private Limited,40 Gram,10,0
74,8f5881a7-eb59-4448-8da6-b93ae89bce06,"Priya Tomato Pickle, 300 Gm","Priya Tomato Pickle, 300 Gm",Priya,Ushodaya Enterprises Private Limited,300 Gram,103,0
75,d4ed5b4d-9ac9-4553-a397-cfbdff410fd9,"Priya Turmeric (Haldi) Powder, 20 Gm","Priya Turmeric (Haldi) Powder, 20 Gm",Priya,Ushodaya Enterprises Private Limited,20 Gram,5,0
76,61c7f692-e3e9-469d-866a-564a6645a71e,"Priya Turmeric (Haldi) Powder, 100 Gm","Priya Turmeric (Haldi) Powder, 100 Gm",Priya,Ushodaya Enterprises Private Limited,100 Gram,34,0
77,9a08b3cf-9cd7-464f-9a09-5d102fdda112,"Priya Turmeric (Haldi) Powder, 50 Gm","Priya Turmeric (Haldi) Powder, 50 Gm",Priya,Ushodaya Enterprises Private Limited,50 Gram,20,0
78,fe0392b6-0c87-4c61-8a91-aa31dfc81481,"Priya Turmeric (Haldi) Powder, 200 Gm","Priya Turmeric (Haldi) Powder, 200 Gm",Priya,Ushodaya Enterprises Private Limited,200 Gram,60,0
79,dfcfa4b6-c668-4f2e-8018-0265210ca7c6,"Priya Turmeric (Haldi) Powder, 500 Gm","Priya Turmeric (Haldi) Powder, 500 Gm",Priya,Ushodaya Enterprises Private Limited,500 Gram,170,0
80,12c50016-4627-4be5-9b2f-4cee47a22ce3,"Priya Urad Dal Papad - Plain, 100 Gm","Priya Urad Dal Papad - Plain, 100 Gm",Priya,Ushodaya Enterprises Private Limited,100 Gram,30,0
81,00e8c52e-5946-4cde-ae3f-d3b7142de24a,"Grb Buffelo Ghee, 500 Ml","Grb Buffelo Ghee, 500 Ml",Grb,GRB DAIRY FOODS PVT.LTD.,500 Milliliter,449,0
82,17cd7147-3a43-4758-bea2-511c1cf85138,"Grb Buffelo Ghee, 1 L","Grb Buffelo Ghee, 1 L",Grb,GRB DAIRY FOODS PVT.LTD.,1 Liter,939,0
83,d6ee9fd9-1895-4c72-8838-040abd4c11e2,"Grb Buffelo Ghee, 1 L","Grb Buffelo Ghee, 1 L (d6ee9fd9)",Grb,GRB DAIRY FOODS PVT.LTD.,1 Liter,939,0
84,f4429dc4-e93a-4a16-99b1-608571492108,"Grb Buffelo Ghee, 10 Ml","Grb Buffelo Ghee, 10 Ml",Grb,GRB DAIRY FOODS PVT.LTD.,10 Milliliter,10,0
85,b53ffd5d-0a2f-4eac-b631-7a5c50d8e113,"Grb Buffelo Ghee, 100 Ml","Grb Buffelo Ghee, 100 Ml",Grb,GRB DAIRY FOODS PVT.LTD.,100 Milliliter,113,0
86,b6c49461-0284-4274-9ee6-c72bc777ed3a,"Grb Buffelo Ghee, 20 Ml","Grb Buffelo Ghee, 20 Ml",Grb,GRB DAIRY FOODS PVT.LTD.,20 Milliliter,20,0
87,f964229a-a33d-427c-a520-3b14f0e1aec0,"Grb Buffelo Ghee, 200 Ml","Grb Buffelo Ghee, 200 Ml",Grb,GRB DAIRY FOODS PVT.LTD.,200 Milliliter,200,0
88,d6921ed9-8d39-475e-8af5-0f35623d2710,"Grb Buffelo Ghee, 50 Ml","Grb Buffelo Ghee, 50 Ml",Grb,GRB DAIRY FOODS PVT.LTD.,50 Milliliter,59,0
89,aa7dead4-f7fd-4080-9a92-3f76f9b0327a,"Grb Buffelo Ghee, 500 Ml","Grb Buffelo Ghee, 500 Ml (aa7dead4)",Grb,GRB DAIRY FOODS PVT.LTD.,500 Milliliter,449,0
90,8e7bf8cd-4ef3-40ea-a565-d72856e4d5c2,"Grb Buffelo Ghee, 500 Ml","Grb Buffelo Ghee, 500 Ml (8e7bf8cd)",Grb,GRB DAIRY FOODS PVT.LTD.,500 Milliliter,449,0
91,8be15255-15d7-4208-8785-8740062317a5,"Grb Cow Ghee, 1 L","Grb Cow Ghee, 1 L",Grb,GRB DAIRY FOODS PVT.LTD.,1 Liter,939,0
92,8f99212b-32d6-48a9-9a52-f6b7830116db,"Grb Cow Ghee, 10 Ml","Grb Cow Ghee, 10 Ml",Grb,GRB DAIRY FOODS PVT.LTD.,10 Milliliter,10,0
93,21813527-db82-4535-bf4f-ad9d2470d676,"Grb Cow Ghee, 100 Ml","Grb Cow Ghee, 100 Ml",Grb,GRB DAIRY FOODS PVT.LTD.,100 Milliliter,113,0
94,ee80c6ed-fb25-4093-806e-abe6cf13b2e8,"Grb Cow Ghee, 20 Ml","Grb Cow Ghee, 20 Ml",Grb,GRB DAIRY FOODS PVT.LTD.,20 Milliliter,20,0
95,1a15bd9d-6ac4-4c13-b55f-ce32178598b0,"Grb Cow Ghee, 200 Ml","Grb Cow Ghee, 200 Ml",Grb,GRB DAIRY FOODS PVT.LTD.,200 Milliliter,200,0
96,01428352-0b37-4fea-989e-220f7d181e86,"Grb Cow Ghee, 50 Ml","Grb Cow Ghee, 50 Ml",Grb,GRB DAIRY FOODS PVT.LTD.,50 Milliliter,59,0
97,e9b69527-1175-4dac-ad07-528840937312,"Grb Cow Ghee, 500 Ml","Grb Cow Ghee, 500 Ml",Grb,GRB DAIRY FOODS PVT.LTD.,500 Milliliter,475,0
98,7b1e8727-ec28-4fef-980c-38d189f58e1f,"Cycle Karpure Citrus Camphor , 60 Gm","Cycle Karpure Citrus Camphor , 60 Gm",Cycle,N. Ranga Rao & Sons Private Limited,60 Gram,199,0
99,f02170f5-13ee-4481-ac28-cc7aad884fa3,"Cycle Karpure Oudh Camphor, 60 Gm","Cycle Karpure Oudh Camphor, 60 Gm",Cycle,N. Ranga Rao & Sons Private Limited,60 Gram,199,0
100,7cb82650-0a55-4601-bbdb-c0f1e3a5f834,"Cycle Om Shanthi Camphor, 12 Gm","Cycle Om Shanthi Camphor, 12 Gm",Om Shanthi,N. Ranga Rao & Sons Private Limited,12 Gram,10,0
101,428ef380-6dd4-4cdb-a237-bcdaddf37721,"Cycle Om Shanthi Camphor, 12 Gm","Cycle Om Shanthi Camphor, 12 Gm (428ef380)",Om Shanthi,N. Ranga Rao & Sons Private Limited,12 Gram,20,0
102,fceb1862-1012-4143-8da9-02db46432578,"Cycle Om Shanthi Camphor, 50 Gm","Cycle Om Shanthi Camphor, 50 Gm",Om Shanthi,N. Ranga Rao & Sons Private Limited,50 Gram,50,0
103,73281659-4ba9-4f18-a289-f5161cc40c81,"Cycle Om Shanthi Camphor, 52 Gm","Cycle Om Shanthi Camphor, 52 Gm",Om Shanthi,N. Ranga Rao & Sons Private Limited,52 Gram,90,0
104,e30a1f0e-9673-49f6-97e8-660ea234d4dd,"Om Shanthi Pure Cotton Wicks (Mogra Watt), 50 Pcs","Om Shanthi Pure Cotton Wicks (Mogra Watt), 50 Pcs",Om Shanthi,N. Ranga Rao & Sons Private Limited,50 Nons,15,0
105,5b0b8673-39c2-44b6-a713-1180fc61d92c,"Om Shanthi Pure Cotton Wicks (Samai Watt), 60 Pcs","Om Shanthi Pure Cotton Wicks (Samai Watt), 60 Pcs",Om Shanthi,N. Ranga Rao & Sons Private Limited,60 Nons,15,0
106,bc3cc595-e883-4570-8335-c32298552f96,"Cycle Sambrani, 14 Pcs","Cycle Sambrani, 14 Pcs",Cycle,N. Ranga Rao & Sons Private Limited,14 Nons,15,0
107,91d788c0-5b11-4f2e-b273-271e208ec6bf,"Eco Premium Agarbathi, 175 Gm","Eco Premium Agarbathi, 175 Gm",Flute,N. Ranga Rao & Sons Private Limited,175 Gram,100,0
108,461752e5-ba50-4689-aa7b-5d33e6d84fa7,"Good Luck Premium Cone, 100 Gm","Good Luck Premium Cone, 100 Gm",Good Luck,N. Ranga Rao & Sons Private Limited,100 Gram,80,0
109,e8049530-b085-445f-bf90-5fe180951178,"Good Luck Kewda Agarbathi, 100 Gm","Good Luck Kewda Agarbathi, 100 Gm",Good Luck,N. Ranga Rao & Sons Private Limited,100 Gram,70,0
110,2a48cf44-ff25-404b-9182-538e92d587d8,"Good Luck Lavender Dhoop, 100 Gm","Good Luck Lavender Dhoop, 100 Gm",Good Luck,N. Ranga Rao & Sons Private Limited,100 Gram,80,0
111,c2c3bed5-967e-48f7-9846-4fec456c4c3d,"Good Luck Lavender – Calming Premium Incense Sticks for Relaxation, 100 Gm","Good Luck Lavender – Calming Premium Incense Sticks for Relaxation, 100 Gm",Good Luck,N. Ranga Rao & Sons Private Limited,100 Gram,70,0
112,3f46f11d-2cc9-483f-8f6d-06156747d3e1,"Good Luck Mogra Cone, 100 Gm","Good Luck Mogra Cone, 100 Gm",Good Luck,N. Ranga Rao & Sons Private Limited,100 Gram,80,0
113,a23ae1d7-597f-4dba-addc-f8f3d9094046,"Good Luck Mogra Dhoop, 100 Gm","Good Luck Mogra Dhoop, 100 Gm",Good Luck,N. Ranga Rao & Sons Private Limited,100 Gram,80,0
114,e4f75d7a-e3e9-4ba0-9fe7-b27552cf7299,"Good Luck Mogra Agarbathi, 220 Gm","Good Luck Mogra Agarbathi, 220 Gm",Good Luck,N. Ranga Rao & Sons Private Limited,220 Gram,125,0
115,4b3bc682-8420-4df4-960c-4870b9dfc849,"Good Luck Mogra Agarbathi, 100 Gm","Good Luck Mogra Agarbathi, 100 Gm",Good Luck,N. Ranga Rao & Sons Private Limited,100 Gram,70,0
116,0a17c8e1-2a5b-41f9-a11a-d792f230fa42,"Good Luck Musk – Warm & Earthy Premium Incense Sticks, 220 Gm","Good Luck Musk – Warm & Earthy Premium Incense Sticks, 220 Gm",Good Luck,N. Ranga Rao & Sons Private Limited,220 Gram,125,0
117,0625b75b-ca0a-4b5d-9434-5ee524f4559e,"Good Luck Musk – Warm & Earthy Premium Incense Sticks, 100 Gm","Good Luck Musk – Warm & Earthy Premium Incense Sticks, 100 Gm",Good Luck,N. Ranga Rao & Sons Private Limited,100 Gram,70,0
118,7109780b-8746-48b9-bea7-4131165fa38c,"GoodLuck Rose  Cone 100g, 100 Gm","GoodLuck Rose Cone 100g, 100 Gm",Good Luck,N. Ranga Rao & Sons Private Limited,100 Gram,80,0
119,7ed4d808-4b4e-4f0a-b659-17ab29aaac35,"GoodLuck Rose  Dhoop 100g, 100 Gm","GoodLuck Rose Dhoop 100g, 100 Gm",Good Luck,N. Ranga Rao & Sons Private Limited,100 Gram,80,0
120,c374aeb6-03de-4822-80a5-c2d6338b3d1b,"GoodLuck Rose  Agarbathi 220g, 220 Gm","GoodLuck Rose Agarbathi 220g, 220 Gm",Good Luck,N. Ranga Rao & Sons Private Limited,220 Gram,125,0
121,6ec15eca-0976-4866-9fc2-09662ab54531,"GoodLuck Rose  Agarbathi 100g, 100 Gm","GoodLuck Rose Agarbathi 100g, 100 Gm",Good Luck,N. Ranga Rao & Sons Private Limited,100 Gram,70,0
122,e0464514-5f40-4511-8622-d4afef550fbd,"Good Luck Sandal Agarbathi 220g, 220 Gm","Good Luck Sandal Agarbathi 220g, 220 Gm",Good Luck,N. Ranga Rao & Sons Private Limited,220 Gram,125,0
123,72e64f47-36ae-4046-97b5-1868da03c6df,"Good Luck Shivuli Agarbathi 100g, 100 Gm","Good Luck Shivuli Agarbathi 100g, 100 Gm",Good Luck,N. Ranga Rao & Sons Private Limited,100 Gram,70,0
124,9baf08a1-c618-4ec0-88e8-0fb322d1e8d5,"Good Luck Lavender Agarbathi 220g, 220 Gm","Good Luck Lavender Agarbathi 220g, 220 Gm",Good Luck,N. Ranga Rao & Sons Private Limited,220 Gram,125,0
125,5a2ccb29-934c-4ba9-a458-0fa2b201a2f1,"Good Luck Pineapple Agarbathi 220g, 220 Gm","Good Luck Pineapple Agarbathi 220g, 220 Gm",Good Luck,N. Ranga Rao & Sons Private Limited,220 Gram,125,0
126,0de5f394-8e5a-4274-9623-93c66001eff9,"Good Luck Pineapple Agarbathi 100g, 100 Gm","Good Luck Pineapple Agarbathi 100g, 100 Gm",Good Luck,N. Ranga Rao & Sons Private Limited,100 Gram,70,0
127,65f51764-ef42-42ff-a7aa-d5a66962dbf9,"Good Luck Sandal Agarbathi 100g, 100 Gm","Good Luck Sandal Agarbathi 100g, 100 Gm",Good Luck,N. Ranga Rao & Sons Private Limited,100 Gram,70,0
128,9d547637-7e13-4db6-89a6-6a7387144972,"Lia Chandanam Agarbathi, 100 Gm","Lia Chandanam Agarbathi, 100 Gm",Lia,N. Ranga Rao & Sons Private Limited,100 Gram,55,0
129,d00f40ba-f1e7-404b-97b9-8c200c64b5e6,"Lia Darling Flower Agarbathi, 100 Gm","Lia Darling Flower Agarbathi, 100 Gm",Lia,N. Ranga Rao & Sons Private Limited,100 Gram,55,0
130,89829dfa-4827-401b-b8af-b4a51b6e9f21,"Lia Jas Agarbathi, 100 Gm","Lia Jas Agarbathi, 100 Gm",Lia,N. Ranga Rao & Sons Private Limited,100 Gram,55,0
131,3fea31d7-67ed-4fbf-bf8c-200924b736da,"Lia Lavenderz Agarbathi, 100 Gm","Lia Lavenderz Agarbathi, 100 Gm",Lia,N. Ranga Rao & Sons Private Limited,100 Gram,55,0
132,b478dd55-a3b1-4d31-9fad-58bdce4427f9,"Lia Prime Rose Agarbathi, 100 Gm","Lia Prime Rose Agarbathi, 100 Gm",Lia,N. Ranga Rao & Sons Private Limited,100 Gram,55,0
133,ee4f1d51-6762-4a07-a2b2-d80279cfa34a,"Lia Rain Forest Agarbathi, 100 Gm","Lia Rain Forest Agarbathi, 100 Gm",Lia,N. Ranga Rao & Sons Private Limited,100 Gram,55,0
134,abb2c1c3-4fb5-45d3-8aab-419cabcdb360,"Lia Rainbow Agarbathi, 100 Gm","Lia Rainbow Agarbathi, 100 Gm",Lia,N. Ranga Rao & Sons Private Limited,100 Gram,55,0
135,13a03d8b-aafa-424c-9f2d-9fb0c7fee0c0,"Lia Sacred Grove Agarbathi, 100 Gm","Lia Sacred Grove Agarbathi, 100 Gm",Lia,N. Ranga Rao & Sons Private Limited,100 Gram,55,0
136,8f6e3e50-36ff-4d57-9009-0034e289e622,"Medini Premium Judwa Cup Sambrani , 35 Pcs","Medini Premium Judwa Cup Sambrani , 35 Pcs",Medini,N. Ranga Rao & Sons Private Limited,35 Nons,200,0
137,7dd72127-2e49-43cf-a25b-973d67473bb7,"Naivedya Cup Sambrani, 72 Pcs","Naivedya Cup Sambrani, 72 Pcs",Naivedya,N. Ranga Rao & Sons Private Limited,72 Nons,378,0
138,b230ab47-691c-4a7f-ba8d-f7e7935d227f,"Naivedya Jambo Cup Sambrani, 3 Pcs","Naivedya Jambo Cup Sambrani, 3 Pcs",Naivedya,N. Ranga Rao & Sons Private Limited,3 Nons,110,0
139,38ea51e4-e791-48dc-aa38-c11a2e77a352,"Naivedya Cup Sambrani, 8 Pcs","Naivedya Cup Sambrani, 8 Pcs",Naivedya,N. Ranga Rao & Sons Private Limited,8 Nons,32,0
140,0bc35dc2-c3ff-42f2-8ea1-9c120415cb90,"Naivedya Cup Sambrani, 12 Pcs","Naivedya Cup Sambrani, 12 Pcs",Naivedya,N. Ranga Rao & Sons Private Limited,12 Nons,72,0
141,b3561b33-7f4f-41db-97f2-053a87d11b78,"Naivedya Cup Sambrani, 12 Pcs","Naivedya Cup Sambrani, 12 Pcs (b3561b33)",Naivedya,N. Ranga Rao & Sons Private Limited,12 Nons,72,0
142,a13ec81e-0166-43fd-b0d3-54bf03e5e8dd,"Om Shanthi Navin Shining Powder 200g, 200 Gm","Om Shanthi Navin Shining Powder 200g, 200 Gm",Om Shanthi,N. Ranga Rao & Sons Private Limited,200 Gram,54,0
143,44c55333-5e47-4e54-8fc5-1a49529b4e46,"Om Shanthi Navin Shining Powder 50g, 50 Gm","Om Shanthi Navin Shining Powder 50g, 50 Gm",Om Shanthi,N. Ranga Rao & Sons Private Limited,50 Gram,24,0
144,99745404-2508-48e2-816c-bb3e91f5e6ff,"Om Shanthi Pure Puja Til Oil 900ml, 900 Ml","Om Shanthi Pure Puja Til Oil 900ml, 900 Ml",Om Shanthi,N. Ranga Rao & Sons Private Limited,900 Milliliter,260,0
145,4f0bfe29-db86-4ce6-b356-e7bd09f571d6,"Om Shanthi Jasmine Pure Puja Oil 1ltr, 1 L","Om Shanthi Jasmine Pure Puja Oil 1ltr, 1 L",Om Shanthi,N. Ranga Rao & Sons Private Limited,1 Liter,260,0
146,4ccc8d4c-cfa1-4049-9f5f-779aa65f4bce,"Parijatha Puja Oil - Sampoorna Dhyan ltr, 1 L","Parijatha Puja Oil - Sampoorna Dhyan ltr, 1 L",Om Shanthi,N. Ranga Rao & Sons Private Limited,1 Liter,260,0
147,b9a6fa95-1127-407f-b449-5506b3f3ccb6,"Om Shanthi Jasmine Pure Puja Oil 500ml, 500 Ml","Om Shanthi Jasmine Pure Puja Oil 500ml, 500 Ml",Om Shanthi,N. Ranga Rao & Sons Private Limited,500 Milliliter,130,0
148,c7ddff99-20c6-4cd4-b99c-a0a8f6d3cd5a,"Parijatha Puja Oil - Sampoorna Dhyan 500ml, 500 Ml","Parijatha Puja Oil - Sampoorna Dhyan 500ml, 500 Ml",Om Shanthi,N. Ranga Rao & Sons Private Limited,500 Milliliter,130,0
149,6b64fc09-f255-4bbc-9dd8-5b661044f1ba,"Om Shanthi Pure Puja Til Oil 500ml, 500 Ml","Om Shanthi Pure Puja Til Oil 500ml, 500 Ml",Om Shanthi,N. Ranga Rao & Sons Private Limited,500 Milliliter,130,0
150,1b4c3625-cb7a-4109-9c52-7997f07efbc0,"Om Shanthi Pure Dhuno 75g, 75 Gm","Om Shanthi Pure Dhuno 75g, 75 Gm",Om Shanthi,N. Ranga Rao & Sons Private Limited,75 Gram,50,0
151,3e3a10d9-0d7f-472d-8771-aba764ea5b61,"Rhythm Amber Agarbathi, 45 Gm","Rhythm Amber Agarbathi, 45 Gm",Rhythm,N. Ranga Rao & Sons Private Limited,45 Gram,55,0
152,15d2da6a-2437-4d18-8772-02139daf081a,"Rhythm Sandal Agarbathi, 97 Gm","Rhythm Sandal Agarbathi, 97 Gm",Rhythm,N. Ranga Rao & Sons Private Limited,97 Gram,55,0
153,e7dea92d-b270-487e-b363-e1503e13526a,"Rhythm Saroja Agarbathi, 97 Gm","Rhythm Saroja Agarbathi, 97 Gm",Rhythm,N. Ranga Rao & Sons Private Limited,97 Gram,55,0
154,b1812b54-1b80-412c-aa7c-d2c3d90972ae,"Rhythm Amber  Agarbathi, 54 Gm","Rhythm Amber Agarbathi, 54 Gm",Rhythm,N. Ranga Rao & Sons Private Limited,54 Gram,25,0
155,cc161247-0877-4c9f-89b4-0043a5ee51d7,"Rhythm Sandal Agarbathi, 54 Gm","Rhythm Sandal Agarbathi, 54 Gm",Rhythm,N. Ranga Rao & Sons Private Limited,54 Gram,25,0
156,330b0c91-dfb8-4602-9007-f81fe65333fe,"Sandalum Cones , 8 Pcs","Sandalum Cones , 8 Pcs",Cycle,N. Ranga Rao & Sons Private Limited,8 Nons,10,0
157,03d0d587-90d0-4acd-815f-904c3b0f431f,"Sugandha Mallika Agarbathi, 12 Gm","Sugandha Mallika Agarbathi, 12 Gm",Cycle,N. Ranga Rao & Sons Private Limited,12 Gram,10,0
158,2214e2ce-edf0-490e-afdc-abcac67da520,"Sugandha Mallika Agarbathi, 250 Gm","Sugandha Mallika Agarbathi, 250 Gm",Cycle,N. Ranga Rao & Sons Private Limited,250 Gram,120,0
159,2731bf85-a61c-49a0-a5ef-f6ade5541ef1,"Sugandha Mallika Agarbathi, 95 Gm","Sugandha Mallika Agarbathi, 95 Gm",Cycle,N. Ranga Rao & Sons Private Limited,95 Gram,55,0
160,9d47e829-9298-4869-ae6e-3ccc667abd37,"Sugandha Mallika Agarbathi, 26 Gm","Sugandha Mallika Agarbathi, 26 Gm",Cycle,N. Ranga Rao & Sons Private Limited,26 Gram,20,0
161,2aa36c3f-a9a4-44cb-b4ab-203281da6b3a,"Three in One Agarbatti 50g, 50 Gm","Three in One Agarbatti 50g, 50 Gm",Cycle,N. Ranga Rao & Sons Private Limited,50 Gram,30,0
162,27b9b25b-945e-415f-8d40-a4eb6a174b00,"Three in One Agarbathi, 9 Pcs","Three in One Agarbathi, 9 Pcs",Cycle,N. Ranga Rao & Sons Private Limited,9 Nons,10,0
163,5ecbe6e1-d7a0-4276-be0a-bf891b1c05c6,"Three in One Agarbathi, 202 Gm","Three in One Agarbathi, 202 Gm",Cycle,N. Ranga Rao & Sons Private Limited,202 Gram,110,0
164,3a334859-0969-492d-b38a-a30f4cef81a2,"Three in One Agarbathi, 27 Gm","Three in One Agarbathi, 27 Gm",Cycle,N. Ranga Rao & Sons Private Limited,27 Gram,25,0
165,8673a176-1770-49f9-83b5-c200cb6e145b,"Three in One Agarbathi, 5 Gm","Three in One Agarbathi, 5 Gm",Cycle,N. Ranga Rao & Sons Private Limited,5 Gram,5,0
166,e58b5aa7-25a7-4b78-9019-07c04a08cf3a,"Three in One Agarbathi, 88 Pcs","Three in One Agarbathi, 88 Pcs",Cycle,N. Ranga Rao & Sons Private Limited,88 Nons,55,0
167,a94b6dec-7d12-4b8c-841b-81f3fc75e4e4,"Om Shanthi Turmeric Powder, 20 Gm","Om Shanthi Turmeric Powder, 20 Gm",Cycle,N. Ranga Rao & Sons Private Limited,20 Gram,10,0
168,2153c37e-b377-44f3-84ad-101658463c47,"Vasu Loban Sambrani , 10 Pcs","Vasu Loban Sambrani , 10 Pcs",Cycle,N. Ranga Rao & Sons Private Limited,10 Nons,15,0
169,9d9dbc38-2bfe-43c4-84c6-bf1b40d1e96f,"Om Shanthi Pure Vibhuti 40g, 40 Gm","Om Shanthi Pure Vibhuti 40g, 40 Gm",Cycle,N. Ranga Rao & Sons Private Limited,40 Gram,10,0
170,4bbde07f-03f8-4ade-b731-2ee8bfc2fec4,"Woods Premium Natural Agarbathi, 40 Gm","Woods Premium Natural Agarbathi, 40 Gm",Cycle,N. Ranga Rao & Sons Private Limited,40 Gram,150,0
171,6f3ab7a1-a730-4fcf-8317-6bd4be7a699d,"Woods Premium Natural Agarbathi, 14 Gm","Woods Premium Natural Agarbathi, 14 Gm",Cycle,N. Ranga Rao & Sons Private Limited,14 Gram,75,0
172,27d777c1-3ddb-4de5-ba4b-2d10bf20e3a1,"Om Shanthi Pure Kumkum, 25 Gm","Om Shanthi Pure Kumkum, 25 Gm",Om Shanthi,N. Ranga Rao & Sons Private Limited,25 Gram,10,0
173,e2167df5-60d4-4e69-bd03-72598abdf9d4,"Om Shanthi Pure Kumkum, 40 Gm","Om Shanthi Pure Kumkum, 40 Gm",Om Shanthi,N. Ranga Rao & Sons Private Limited,40 Gram,15,0
174,8e65b8ba-a814-4e7e-b630-4af6f35c164e,"Om Shanthi Pure Kumkum (Red), 35 Gm","Om Shanthi Pure Kumkum (Red), 35 Gm",Om Shanthi,N. Ranga Rao & Sons Private Limited,35 Gram,15,0
175,f37cfd1c-e602-4fe1-8bd6-e7bd6592c3c4,"Lia Car Gel Seashore, 45 Gm","Lia Car Gel Seashore, 45 Gm",Lia,N. Ranga Rao & Sons Private Limited,45 Gram,399,0
176,2b69aa28-5c76-4d50-b3d3-afd039135688,"Cycle Dhoop Guggal, 100 Gm","Cycle Dhoop Guggal, 100 Gm",cycle,N. Ranga Rao & Sons Private Limited,100 Gram,80,0
177,5ff3af64-7921-4a50-9a2e-42ae621906b9,"Cycle dhoop Rose, 100 Gm","Cycle dhoop Rose, 100 Gm",cycle,N. Ranga Rao & Sons Private Limited,100 Gram,80,0
178,8be93160-15e6-479b-ae43-6561d609a9c4,"Flute Assorted Agarbathi, 10 Gm","Flute Assorted Agarbathi, 10 Gm",Flute,N. Ranga Rao & Sons Private Limited,10 Gram,10,0
179,5418c38c-c035-4a01-b150-7f9022ecbc95,"Ajay 101 - Hard Thoothbrush , 50 Pcs","Ajay 101 - Hard Thoothbrush , 50 Pcs (5418c38c)",Flute,N. Ranga Rao & Sons Private Limited,14 Gram,25,0
180,cb4aa20b-b071-4679-906f-67033e426657,"Ajay 101 - Medium Hard Thoothbrush , 50 Pcs","Ajay 101 - Medium Hard Thoothbrush , 50 Pcs (cb4aa20b)",cycle,N. Ranga Rao & Sons Private Limited,500 Milliliter,120,0
181,76858801-7376-4d47-a4fc-892a25b000df,"Ajay 101 - Medium Quest Thoothbrush, 12 Pcs","Ajay 101 - Medium Quest Thoothbrush, 12 Pcs (76858801)",Good Luck,N. Ranga Rao & Sons Private Limited,100 Gram,80,0
182,8264835e-f318-499e-bae3-9fc47d3fca97,"Ajay 101 - Soft Thoothbrush, 50 Pcs","Ajay 101 - Soft Thoothbrush, 50 Pcs (8264835e)",Lia,N. Ranga Rao & Sons Private Limited,10 Gram,10,0
183,a2406b4b-d212-4f10-a6a5-3c57467617d7,"Ajay 101 - Soft Quest Thoothbrush, 12 Pcs","Ajay 101 - Soft Quest Thoothbrush, 12 Pcs (a2406b4b)",Lia,N. Ranga Rao & Sons Private Limited,15 Gram,20,0
184,452f259b-f7d4-4521-bcfb-33852ef6eca7,"Ajay 103 - Junior Complete Thoothbrush, 12 Pcs","Ajay 103 - Junior Complete Thoothbrush, 12 Pcs (452f259b)",Lia,N. Ranga Rao & Sons Private Limited,15 Gram,20,0
185,ac8460a6-b68d-4095-9f70-85464b6bf5a5,"Ajay 104 - Comfort Thoothbrush, 12 Pcs","Ajay 104 - Comfort Thoothbrush, 12 Pcs (ac8460a6)",Lia,N. Ranga Rao & Sons Private Limited,23 Gram,30,0
186,8c13f7c2-9f9b-43ff-9060-9093aabde603,"Ajay 107 - Complete Thoothbrush, 12 Pcs","Ajay 107 - Complete Thoothbrush, 12 Pcs (8c13f7c2)",cycle,N. Ranga Rao & Sons Private Limited,100 Gram,55,0
187,e6da2c38-120d-488a-ac50-25d04a1135bb,"Ajay 108 - Thoothbrush, 12 Pcs","Ajay 108 - Thoothbrush, 12 Pcs (e6da2c38)",cycle,N. Ranga Rao & Sons Private Limited,100 Gram,60,0
188,bdd08120-e3d3-4118-a32c-635268727ecb,"Ajay 109 - Sensitive Plus Thoothbrush, 32 Pcs","Ajay 109 - Sensitive Plus Thoothbrush, 32 Pcs (bdd08120)",cycle,N. Ranga Rao & Sons Private Limited,100 Gram,110,0
189,d71c906f-8519-4d41-ad5e-a00f2ae695f7,"Ajay 109 - Sensitive Plus Thoothbrush, 7 Pcs","Ajay 109 - Sensitive Plus Thoothbrush, 7 Pcs (d71c906f)",cycle,N. Ranga Rao & Sons Private Limited,5 Gram,10,0
190,12880d41-ce47-417a-809c-800c90c166e7,"Ajay 110 - Prime Thoothbrush, 9 Pcs","Ajay 110 - Prime Thoothbrush, 9 Pcs (12880d41)",cycle,N. Ranga Rao & Sons Private Limited,10 Gram,10,0
191,aad05b03-e818-487a-b87d-3dafa52e429a,"Ajay 121 - Compact Thoothbrush, 12 Pcs","Ajay 121 - Compact Thoothbrush, 12 Pcs (aad05b03)",cycle,N. Ranga Rao & Sons Private Limited,15 Gram,20,0
192,46225661-4839-4981-ae9a-7b9c34568c16,"Ajay Shaving Brush, Pack of 1","Ajay Shaving Brush, Pack of 1 (46225661)",cycle,N. Ranga Rao & Sons Private Limited,100 Gram,55,0
193,a704e388-afd7-4f50-98bf-032083dc1c8a,"Ajay 101 - Medium Quest Thoothbrush 3+1 Offer, Pack of 1","Ajay 101 - Medium Quest Thoothbrush 3+1 Offer, Pack of 1 (a704e388)",cycle,N. Ranga Rao & Sons Private Limited,10 Gram,10,0
194,fdf91bf7-3bfb-4d92-9be4-fd15af19be44,"Ajay 101 - Soft Quest Thoothbrush 3+1 Offer, Pack of 1","Ajay 101 - Soft Quest Thoothbrush 3+1 Offer, Pack of 1 (fdf91bf7)",Cycle,N. Ranga Rao & Sons Private Limited,48 Gram,75,0
195,25b01bbb-51cc-401c-baed-f0d6331bcb46,"Ajay 109 - Thoothbrush, Pack of 1","Ajay 109 - Thoothbrush, Pack of 1 (25b01bbb)",Cycle,N. Ranga Rao & Sons Private Limited,32 Gram,50,0
196,6620a487-6a3a-4494-a5b7-e807e2cb3429,"Priya Amla Pickle, 300 Gm","Priya Amla Pickle, 300 Gm (6620a487)",Cycle,N. Ranga Rao & Sons Private Limited,50 Gram,72,0
197,eb1e59fc-25aa-490b-824f-b4ff1d07455d,"Priya Biryani Masala Paste, 90 Gm","Priya Biryani Masala Paste, 90 Gm (eb1e59fc)",Om Shanthi,c,45 Gram,199,0