"customer_id","customer_name","mobile_number","latitude","longitude"
"9b2d2c82-0c5c-4aa4-9e39-26363ec2e6d2", Sri venkateswara kirana and general store,"8328345639",17.48624039,78.38093567
"5b0c9eb7-2c03-4bda-a877-68fca3c51648", Tirumala rice traders,"8801556900",17.52068520,78.38211060
"028820ba-d465-42db-997b-9a08e4868f24", VENKATESHWARA MILK  COLD STORAGE & KIRANA GENERAL STORE,"9550578211",17.49083580,78.40996870
"7b2b6411-5d0a-43f2-9ac1-6e2ef7659b9b", VISHAL RICE DEPOT,"9989936752",17.52086700,78.42852100
"2c60ad15-6e50-42a9-8e53-fbdad526b4c9",AAI MATHAJI KIRANA AND GENERALS ,"6350699915",17.47657970,78.42698880
"403ff9c8-6293-47d8-b592-946dc3982e80",ADITYA COOL DRINKS,"9394178958",17.49288540,78.39580080
d384852e-3f83-42ed-af97-fc9ee3527005,AHMED KIRANA & GENERAL STORES,"6303258052",17.48069200,78.36625600
"76019c8a-d028-44e4-b02b-ef40de903b9e",AKSHAY ENTERPRISES ,"7569277773",17.44756900,78.38653700
e1d61d02-84dc-40f7-a808-fb0bce220df3,AMBIKA TRADERS,"9581900073",17.55311500,78.35075600
"03f74eb7-12cb-4df1-ac3a-9c882cfbcfbb",AMMA LAKSHMI KIRANA GENERAL STORE ,"8074493160",17.49775360,78.42137900
c29f4681-c5b4-4a16-aa51-2fcc35c25659,AMR TRADERS,"8501004066",17.49234760,78.39473200
"649acfa6-3846-4e7a-8782-2bb54745ca06",AMRUTHAVALLI KIRANA & GENERAL STORE,"9676050735",17.50083660,78.38380100
fe391b7d-6796-452f-a6b6-1d78969e1a22,ANANYA KGS,"9010591622",17.50952911,78.42173767
"30ccce26-1065-42fe-b8f8-b30b1e5af00e",ANITHA KIRANA & GENERAL STORE,"9912375867",17.48520300,78.37974500
b817abcd-8585-45c8-8f5f-4c26318b3ef3,ANJALI ENTERPRISES,"8143424511",17.47727966,78.38246918
dce8818a-93d1-4129-b19d-113abfe9b20d,ANNAPURNA CURRY'S & CATERING,"9490009664",17.51827700,78.38219000
"2bef9be5-c79f-4085-82b9-2367748da4e8",ANNAPURNA MINI MARKET,"9026605840",17.48049927,78.35039520
a0bb3539-e187-405c-b0c1-998f15c659f6,ANURAGA SRI KIRANA & GENERAL STORE,"8466950098",17.50423270,78.42019110
"376d1d1d-0464-4619-ad4e-55c55659fb6f",APARAAJITHA KIRANA AND GENERAL,"9985853932",17.50339600,78.36006900
eaac6f93-258f-4a00-87f4-c4846f865dd0,AR KASTURI MILK & GENERAL STORE,"8888381776",17.49119500,78.35169700
f9e5477e-dda0-41a0-9918-50259dc292be,ARAVIND RICE DEPOT,"9246241256",17.45372963,78.42248535
"0acc3362-b4cb-42ce-8916-db64823f532f",AROUS PRUDENT PRIVATE LIMITED,"7729856656",17.48715200,78.38294200
c018605c-e3df-4312-9fee-5a2c3ad0d639,ARS SUPER STORE,"9392175846",17.52086639,78.39923096
a057f507-0849-4916-bab5-45b02868e7de,AVB kirana store,"7095059376",17.47437740,78.32023680
e6f7d481-e0bf-41b7-bf48-1b54b7ecaf3d,Aaimatha kirana and General,"8977372003",17.51770020,78.38495636
"5b30982f-8e66-437d-aeea-743386b3beab",Aaradhya ,"6303256884",17.48672400,78.41495500
"501d42fa-33a5-43b8-b581-073ac696c893",Abhiruchi Tiffins,"9000882338",17.52088900,78.39653900
"77ecff55-2e70-4c88-adce-e63306bd7698",Abhiruchi tiffin center,"9949363276",17.52092934,78.39637756
c222ae8d-5ba6-45e3-af4e-b46ee50f179d,Advitrayam Kgs,"8142887784",17.52637672,78.34221649
"93cc8915-1ceb-43cb-89c2-73dd2c52a5f4",AjaykumarM,"9154297173",17.44905853,78.38532257
a4cc2952-cd70-4a28-9bb6-6f8da84ef773,Amarnath kgs,"9030355457",17.55541992,78.36264038
"843cbc1f-0b5f-4f36-9b2a-66f738a42550",Amma boys Executive hostel,"7569201346",17.44370842,78.44232178
"0266a2c8-4279-4a00-aa4c-28265c408c7a",Amrutha food court,"9347196777",17.53978348,78.39387512
"0d4bdd01-db04-45c1-b3a4-258b10966c13",Amrutha sai kgs,"9949454866",17.48295200,78.41770100
a07a2481-fa52-45f0-bb08-ba400e4653a4,Ani's apna bazar,"9290889472",17.46578200,78.42900800
"13923a71-8e93-4b1e-b6e0-96c1bdb1a3a0",Anil Kirana  store,"8309769961",17.50295300,78.39443200
"0f01fe64-aa8e-452e-96e7-04dd0c69ecd1",Anil kiranam and fancy general store,"9848404332",17.52342224,78.38470459
"3a65f8f7-201b-4179-a11a-a697ab844807",Anilkumar Kirana and general Store,"8333801480",17.50402640,78.40163580
ddf040d5-5261-47e1-85d1-bc8709a0d166,Anith kirana and general,"9493390023",17.50375748,78.41754150
"2246cc13-81b2-4aa4-9e87-791c7e52dc0b",Anjani traders,"6305888318",17.43256378,78.42727661
a6bf816f-fbfd-4818-9270-b0285174a22d,Annapurna kirana general store,"9912232796",17.42563629,78.42779541
"5496a5be-93b0-4647-8a79-af0f748565bc",Appa Kirana General store,"9985270487",17.48616290,78.41327700
db16e18c-257a-4892-beed-29e839f1f47e,Archana kirana,"6303829713",17.49125300,78.38542200
b181a89f-e77b-4f1d-a213-57d06eda2465,Ashok and bros kirana store,"7207933052",17.43603325,78.44775391
"59f57077-9c45-4bb8-96e2-39953312318c",Avyaan Rice & Kirana,"9573886125",17.48785400,78.45657349
"97ce2f66-e170-4f15-9cf4-2e457e1019c9",Ayyappa Kirana General Store,"9966676444",17.55557570,78.36650620
"11b282fd-c85e-4e72-b6a9-f52b1d1daec0",Ayyappa kgs,"9394065507",17.43979836,78.39499664
"7e751096-5de9-47d9-b7b9-082ae94687c9",Ayyappa kirana and general store,"9347045876",17.50460243,78.42029572
"4454fde7-b4bb-48d8-8d70-50481211e32d",B R Kirana,"6376983107",17.50336456,78.41590881
"6fe7f68f-fe25-4592-9786-fb972a04d3f3",BABA KIRANA & GENERAL STORE,"7396949070",17.44856660,78.37013030
a41df45e-d7fb-4d60-9b8a-e627ecc84a65,BABA RAMDEV KIRANA & GENERAL STORE,"9491152439",17.50432600,78.39563900
f34d24da-199f-4731-be3a-5894ece612ce,BAGAVAN KIRANA & GENERAL STORE,"8019102325",17.48442400,78.41436220
"87f1d250-7f14-4e09-afef-cd6b96a1ddf5",BALAJI GRAND BAZAR,"6305013180",17.50099370,78.39589690
f83ed34c-9d1d-4e72-a6d0-8d11292e5c9a,BALAJI KIRANA & GENERAL STORE,"8106331606",17.50081500,78.38373300
c519aa4d-3a0c-4b2a-8efd-dbe50d9fcdf8,BALAJI KIRANA & GENERAL STORE,"8978564191",17.49722000,78.38527000
"84301b61-3b82-4138-830a-2c31ff33b099",BALAJI KIRANA & GENERAL STORE,"9299702414",17.51815350,78.39626230
d3a9e57f-818f-480a-8caa-86a99618cde3,BALAJI KIRANA & GENERAL STORE,"7357512578",17.50094120,78.39592760
eca1eba9-92a9-4193-9dee-b8effa4c81c6,BALAJI KIRANA SHOP,"9848645827",17.47485300,78.35889400
b23dfc69-d147-477c-abe1-36bb5c992b85,BALAJI KIRANA STORE,"8309689378",17.48375070,78.41760520
"522f9bd6-90bd-43a5-b2e9-7ecf09da804c",BALAJI PREM KIRANA GENERAL STORE,"9293790379",17.50582123,78.41703033
"9a104b0c-ab46-4e54-84b0-c1a88a5cee59",BALAJI SURESH KUMAR RICE DEPO,"9705814337",17.44634500,78.46035500
"342c9f97-2169-4cae-9aec-76493a3b5e60",BALAJI TRADING,"7702002017",17.46488700,78.42105700
"0adc932b-30f5-4a24-9e73-d96649859904",BHAGAVATHI KIRANA & GENERAL  STORES,"9100544247",17.48531600,78.36033400
"7a089d09-77ba-4152-9f42-81d567b424db",BHAGYA LAXMI GENERAL STORE,"9177227016",17.49942590,78.41968080
d0791723-d3c3-4c8f-be46-87c8693fb682,BHAGYALAKSHMI KIRANA & GENERAL STORE,"7995752966",17.48228200,78.37405100
d81e0ea8-4ec9-49c4-b4b5-c9538962b314,BHAJARANG KIRANA,"7892592875",17.48520000,78.38396000
"566e06cd-95de-4c54-88ef-1fc810f888e1",BHASKAR KIRANA AND GENERAL OPP LANE BJP OFF,"9951553447",17.48320770,78.41230774
"510aaf1f-618e-4032-8189-0eae8c041486",BHAVANI CATERING,"8341287768",17.52506300,78.39101900
"5c733b9d-9570-4d2e-95e4-756a15b6ef4a",BHAVANI KIRANA & GENERAL STORE,"8186888701",17.48236800,78.37705400
"239ff2f9-6263-4b1f-8dc6-3235cfdab733",BHAVANI TRADERS,"8008349406",17.40893555,78.40567780
ae8bce39-fee7-46d6-978b-0cc037d53688,BISMILLAH KIRANA & GENEARL STORE,"9951848364",17.52514600,78.38864600
"4ae10558-00a3-4f70-9717-f891af38e35c",BRUNDAVAN FOOD COURT TIFFINS & SNACKS ,"9553875594",17.52692600,78.36910500
"05233c2a-700c-4b6b-9bcd-aeaa93b13411",Bajrang Stores,"8008062577",17.50390053,78.39768219
c4138f15-b66f-4154-ab0e-4ab85b049d19,Balaji Kirana Stores,"8329996029",17.48886200,78.41237900
c1d44582-079a-4754-9a9a-1654a4ce67df,Balaji Kirana store,"7093596611",17.49262619,78.39460754
"70d06a2c-9b09-44cd-a712-adae8c351e76",Balaji Shyam sunder kirana Store,"7386505412",17.48812103,78.45396423
c036c677-eba2-425f-979b-b36b500c922f,Balaji ashish kirana,"9505141482",17.51586151,78.37863922
"6935da41-e902-42e5-bc4a-a10861a3201a",Balaji kirana and  general store,"8309367811",17.49159241,78.36431122
"4be95fc5-a5df-4d32-938e-445c524c3e7c",Balaji ramesh grand bazar,"9705557200",17.45123100,78.44360352
"7bf664a5-447b-4913-85d7-61b285c7446a",Balaji traders,"9394833261",17.49001120,78.39866640
f6b97249-5175-45d0-8a48-6b279bb70e36,Bansi kirana and general store,"8008998448",17.44955444,78.44329834
f1eeecb9-3204-45e5-8fba-16d97649ac2b,Bhagya laxmi kirana and general,"9640008201",17.51182800,78.36425000
"2691bd88-9619-4ad5-8fee-62db3d99ae87",Bhavani Kirana Madinaguda,"9057550290",17.49346924,78.36097717
"3acb4454-253b-4621-b9b4-24c1a3c20dc7",Bhavani kirana and general store,"9502041017",17.50705190,78.39885940
"968dadc6-7e76-401d-a335-57ac602f0477",Bhavani store,"9948271420",17.45159149,78.36682129
fa2684e1-57c2-4b8b-86bf-a46369343e60,Bhumi Mini Super Market,"9618551984",17.52115440,78.39196777
f08e1b88-bf79-4b9d-a0d6-cac241a5d6bd,CHENDRA SHEKAR KIRANA & GENERAL STORE,"7989801893",17.48074600,78.41289700
"4d8dde57-2072-40f5-89c7-16bb0b6052cc",CLOUD CHICKEN,"9885881816",17.47069950,78.38921450
ec52c7a1-b42f-4092-a525-ff03cd4bedf6,CORNER MART,"8790879558",17.51574150,78.38898540
dade111c-c370-46ac-8321-ea52c00510a3,Chaitanya rice and kiana general merchant,"9848212435",17.43828011,78.42768097
"36baed20-67af-44f0-b116-1432d66335bb",Chandra kirana and General store,"9979462448",17.45384700,78.38886200
"84355a64-da8f-4789-aed3-b3b077c1108e",Chandrika kirana store,"8639468947",17.43169975,78.30718231
"12320c24-b255-4ead-8e49-563977f23add",Chenna qwipo team,"7981190113",17.42993570,78.38368430
"49b0a2c1-ffdc-4ca2-97f8-09594cddd8e0",Choudhary mini Super market,"9700605586",17.52045631,78.38326263
c58dfb1c-bef8-4fe8-a16a-5c815afb0bfb,DEV KIRANA,"9512058018",17.48876360,78.44162710
"51c10aeb-ebf8-4b96-821b-b052507a9a25",DEVI KIRANA & GENERAL STORE,"9704621963",17.49616190,78.40303530
ba8f5724-930c-4d7b-9513-1b41155327da,DHANA LAXME ENTERPRISES,"9866781539",17.44554520,78.44531250
"5f35f681-5e39-404b-aeb9-19cb8689728b",Deekshitha Traders ,"9951600218",17.48672090,78.41330660
"55663252-e31d-4929-8a71-6dc10a738bd1",Devi Sri Sai milk parlour,"7382941320",17.49295494,78.39550068
"7796c89c-8bbb-4fc1-ba38-2ab0229ffa6c",Devi kgs,"9573050295",17.49004590,78.43501340
"3236c041-ad92-4ec6-96e3-57f41e269703",Dhana Lakshmi kirana and General,"8919435236",17.49737930,78.40801239
"8aa4e7e1-e00d-4596-ba43-ab726ad9cef7",Dhanalakshmi kirana and general store miyapur,"8790985559",17.49407959,78.35598755
e0f77cb1-cc2e-4339-a735-6f8eac65fcc7,Dhanalaxmi Kirana Store,"8121569970",17.49727600,78.38454400
a41ee41f-fa57-4d5b-b55a-e6fd421d1e68,Dhanlaxmi Kirana General Store,"8125497725",17.49044800,78.35857391
ace60c9c-c545-4a2e-b949-adc677e1a178,Dinesh Kirana and General store,"8919886382",17.50197029,78.38957214
dbef8bd0-2822-4885-a516-962c69692197,Durga bavani kirana,"7013146940",17.44947052,78.38869476
"3801fbe0-eddc-4c79-ab97-96391abc1cbe",Durga bhavani kirana and general store,"9912075650",17.48703100,78.39199800
"0068cee5-dc4a-4492-816d-89b510608a52",Durga mens pg,"9490558935",17.43404007,78.36534119
"97993d4a-dea2-4f51-9362-a61d2920ad93",Dwaraka Mavi  kirana and General store,"9989183308",17.50364113,78.40015411
"3fbc131d-aa33-4364-8f99-0f2c8a1845a7",EASYDAY FOODS,"8978967788",17.47597510,78.42726820
"4ad57881-4b0b-428c-9106-dcf3659880a0",ESHWAR BALAJI KIRANA & GENERAL STORE,"9030673520",17.45492400,78.39256300
"5d506b87-228f-43e2-bf93-c152e7f74844",Ever green kirana general store,"9700534602",17.44258118,78.43087006
a485cc57-128f-4b05-903e-0062962635e2,Family and friends milk General Store,"9052488207",17.51996100,78.38454220
a4290da9-5811-4aa8-a6da-33986024228c,G S KIRANA GENERAL STORE,"9052379566",17.49742126,78.39105988
"0b794c11-0193-45f8-8ad1-57fa3899219d",GANESH KIRANA AND GENERAL STORE,"9849765598",17.50683800,78.37839080
"861fa396-1baf-4082-8bf9-7a0e4bcafdcb",GANESH SUPER MARKET ,"9008216332",17.44579900,78.38825300
"75a6cac3-e507-4e03-820d-72dc82afdace",GAYATRI KIRANA AND GENERAL STORE,"9989408969",17.47568512,78.36438751
"64f20bd0-d4da-46bd-8840-b5f3f66dba8d",GOUTHAM TIFFIN CENTRE,"9573010664",17.48766600,78.38140000
"2d6cdcd4-d5d0-422b-899a-18c4cc99d7e2",GOVARDHAN TRADERS,"8639270267",17.55134392,78.35070801
e5814589-1bf6-4f32-88c6-e522daba3a9d,GREEN VEGETABLES AND FRUITS,"9959695601",17.48596800,78.42433300
"3d126f8b-e30b-430a-9387-1647d3db911f",GURU Kripa kirana and General store,"8106218764",17.48657417,78.36038971
"64215b85-448e-4612-9e13-b620c48c3133",Gana Adithya Kirana And General Store,"9989730235",17.50088300,78.38669500
a5324b68-994a-44b1-816f-fc3a529c3be3,Ganapati kgs,"8074755639",17.45427513,78.39045715
eb6a764c-482a-4f4a-a59b-bb473d27f632,Ganesh stores,"9912156094",17.44600677,78.46179962
cd8c3cb4-e195-49f7-b5fa-6aea3aeb2161,Ganesh traders dry fruits and rice,"8712302703",17.44172096,78.39263153
ccaa0cf5-fb9a-4144-bc9e-e29b3a0f4b5f,Gareema grand bazaar,"9912617630",17.47207642,78.38856506
f36607b2-d7dc-4a76-bcfa-41904d558f5a,Gayathri kirana general stores,"9100757738",17.50522000,78.41592900
"1da1dbda-f1e6-427d-b65f-9b06a45d15c4",Gayatri Kirana,"9494449590",17.48952860,78.39488690
"3b208367-2c19-4c17-ab03-89c5dfa14ce3",Gayatri stores,"8919751137",17.45344925,78.37001801
f9c960f5-f163-46bb-83eb-ee27d3d42f39,Gopala krishna fancy kirana general stores,"9912334287",17.46646100,78.42588800
e327a1f3-4288-47fd-8314-175a114baa6d,Guru Raghavendra kirana,"9550635111",17.46244431,78.36654663
"043ba266-f415-4f76-9085-505a53b65be0",HANUMAN KIRANA & GENERAL STORE,"9581420065",17.51942700,78.39070700
"74d56a9f-6abd-423a-94fd-5e88d3682d71",HEMA KIRANA & GENERAL STORE,"9505648337",17.51335490,78.40741870
"15f1142e-be9a-40b4-a82a-04b7c768d6db",Hanuman kirana and general store,"8106393073",17.45398903,78.38849640
"24c4f350-f410-45f4-bdc4-56d574ead690",Hanuman traders,"7396356900",17.50502014,78.39882660
a939a371-d091-4b06-b7e7-d80be10d2cef,Hari Om Kirana General Store,"9700054372",17.48141600,78.37825700
d45b8654-48f5-43be-866a-ee2ec2941394,Hari om kirana,"9963522845",17.48979490,78.43236120
"0ce69126-7c2d-4f28-ac6f-ecd5dc244f14",Harika kirana and general Store ,"9701165118",17.49688890,78.42790180
"9591ee5c-c708-424a-b534-66f924cceeef",Harilal Balaji Kirana and general stores wholesale,"8247307219",17.46931458,78.42446136
"911e2937-7b49-4d00-a4a6-0da76bf7a47f",Harvest Stores,"9949944524",17.52034760,78.38325500
"99466e92-8ce2-45de-bbf8-b70179019dd8",Hey Ram kirana And general store,"7780713231",17.48304176,78.37889862
eb9a5039-270d-4153-a24c-bdd6e7f4a477,Himalaya kirana,"9290688086",17.48447037,78.40762329
"04b97e3b-0c98-4ceb-8a17-334ffb40c9bc",JAGADAMBA KIRANA STORE,"9036556505",17.48489170,78.40574190
"54e8ded1-2555-4912-b321-feea74441911",JAI BHAVANI KIRANA & GENERAL STORES,"9603268492",17.47123900,78.36634600
b5f454ce-efeb-4bc4-a7b1-ae14d40ffcfa,JAI DURGA PRASAD KIRANA & GENERAL STORES,"9100753631",17.49256100,78.39554100
aef7c906-40d7-41e5-9135-867137089a47,JAI HANUMAN KIRANA AND GENERAL,"7674086829",17.49550438,78.35853577
"6c9c7396-3849-4b39-bac7-7ab9802574d6",JK Kirana and General Store,"9949979851",17.48388290,78.36264801
"3d274028-e977-445d-b0cf-99fdeea198dc",JN LINES,"8142433384",17.55567600,78.34295600
"2f8f1560-2ce0-4399-bba3-c237ec860eff",JOSH GENERAL STORES,"8919581515",17.53788900,78.38968600
"1d9ab16e-2fa6-41ed-958a-67800b0f8f4d",JS A1 ABBAS KIRANA & GENERAL STORE ,"9381633432",17.50085256,78.38334459
"42c2270f-5569-4167-b5a4-178d79f892c3",JYOTHI KIRANA & GENERAL STORE,"8106382579",17.51524120,78.39278190
"112a85cc-7800-4690-b272-4977f521f29f",JYOTHI TIFFNS,"9000203444",17.51099200,78.40670000
"13d424af-68dc-4532-b413-252397c6f395",Jagadamba kgs,"8639610837",17.54064941,78.36367035
"209470eb-2f8d-4fe2-b72c-726736d8384b",Jagan kirana,"6305951578",17.50875540,78.42128900
cbcfcd85-2e72-4123-b535-0e47aacb584c,Jai Bavani Stores,"8106874874",17.48195600,78.41340600
c073cac3-8e09-46fb-a52d-69a5ae6cddab,Jai Durga bhavani kirana and general store,"9912183509",17.47537010,78.42842170
"42cb8f5d-a9e1-40b9-adad-dababf802be3",Jai Gurudev Kirana General Store,"8096134170",17.48715200,78.37902000
c24ce76f-33d6-433b-9e22-a76eff45ee24,Jai baba ramdev kirana,"8302556212",17.54903793,78.43841553
"2fb56940-e613-461c-8e79-4a65c0262b9a",Jai bhavani kirana and general store,"9849517047",17.51366615,78.48030090
"73363085-a217-40ab-a385-0214aa37c058",Jai shree Hanuman Stores,"9731048240",17.48786740,78.39058240
fa45c5a5-ecfd-42cc-a0d5-47ba69bc3a1b,Jayasri kirana and general store,"9346620454",17.45063591,78.39403534
be7a7dde-7190-42f1-a611-6f3b23cd7648,Jyothi Sri Pooja items,"9290933727",17.47118290,78.39055660
a0052527-40c2-4b42-8710-ce7a2f41968e,Jyothi kirana  and general store,"6302686225",17.55459213,78.34844208
dd1161e3-e0f8-4286-a41e-c8a27597fe20,K PRASAD Kirana and General store,"7036849470",17.49057500,78.39976500
"5b37d9c0-f03f-4e0e-8999-7d5e10a6406b",KGN VEGETABLES,"6281273716",17.48078600,78.36295600
"41a5197c-ac3f-46cd-89ac-228acd4bff56",KIRANAWALA THE MINI SUPER MARKET,"7893704037",17.46451000,78.36626800
d1ca71fa-0321-4077-809c-75378d7a7928,KNR KIRANA & GENERAL STORE,"9704007879",17.48608260,78.36209840
ac5f39cd-c834-49a8-927a-1ec5f5af3a91,KRISHNA KIRANA & GENERAL STORE,"9351923488",17.51672700,78.34412500
"0f569220-1416-4791-8129-02298d52a530",KRISHNA KIRANA & GENERAL STORE,"7993779490",17.47191240,78.38900270
"8f7713c6-5569-4095-9024-6201add74d53",KRISHNA KIRANA AND GENERAL,"8639686250",17.48992157,78.32421112
"6de25b3d-5744-4dba-a15b-1fff2f1aa9fb",KRISHNA KIRANA AND GENERAL STORE,"7416163321",17.48530769,78.37125397
"303dbf5d-4dc7-428e-ac56-f5d9de24c31f",KV R kirana genaral store,"9966940210",17.50495720,78.45699310
"8922b5a5-ae5b-4210-ae19-32c166be7fbe",Kamlesh Kirana,"7680989730",17.51416016,78.39154053
"341f4c74-6143-4ff6-828b-1fbc1bfa9367",Kandula Venkat Tharun,"9100466961",17.43180847,78.44135284
b47fbaf6-e3a8-466e-a8d8-ad516af052d5,Karthik kirana and general store,"8500109164",17.50020540,78.39263460
e8a5241c-50b9-4a80-8022-0a1764c19d96,Krishna kirana and general store,"9949000393",17.48618500,78.39412600
"6c5badd9-3efa-45a1-973d-e4958bcc39d0",Kshirasagar milk and grocery store,"9948092122",17.49247360,78.34175110
"2f4fe997-c6c2-416d-b6e6-e04ca1ab2122",Kubera mini super market,"8019514685",17.51792908,78.38411713
"8a2cb154-4687-402e-8d03-c8b8c86d1f28",Kundana Kirana and General Stores,"9948035433",17.48272133,78.42191315
"0880e762-32cf-45e1-924f-a1fb0d14803b",LAKSHMI NANDU KIRANA & GENERAL STORE,"7674945666",17.48936480,78.38119320
e1a33688-ef74-4549-acdd-f495432fc804,LAKSHMI SANDHYA KIRANA STORE,"9866404537",17.49082184,78.38012695
"3ab03c84-973e-4855-9262-f925d6950149",LALITHA TRADING COMPANY,"8639428463",17.44691800,78.44639000
"41c7118d-6b4c-47ef-8b0b-fdb2ef23fcd1",LAXMI KIANA & GENERAL STORE,"9951757125",17.52838200,78.39156200
"66a1c6ae-a672-495a-9fee-3de73cdbe0aa",LAXMI KIRANA & GENERAL STORE,"9533394711",17.48607000,78.41630000
"3d2d8139-15ab-4676-aa4d-913646fe41ff",LAXMI KIRANA & GENERAL STORE,"9550998685",17.48482900,78.37736400
"529fdf1b-b389-4b69-ba8d-e814278fafa0",LAXMI KIRANA AND GENERAL STORE,"7981664624",17.49512600,78.42042700
e2c81606-77c9-4cb0-be93-1b03183033da,LAXMI STORES,"9290871025",17.49888610,78.36187740
bac37b04-b8cf-4f6c-9ff5-3c04cb28d1b0,LAXMI STORES,"8297372009",17.44711600,78.44474100
"2dcbd569-de8d-4a5b-bca3-e90b82a5f77a",LAXMI kirana and general Store,"8780752383",17.53689250,78.39374800
"0581ce94-d43d-4358-98f6-fb4021d222db",Laddus pure ghee Sweet house,"8919063027",17.49407300,78.41478000
"046586da-febe-4e4e-8990-d6c979d461c2",Lakshmi Kirana General Store,"7842193970",17.48993600,78.38286500
"9472bc9d-25dd-42bb-8296-58336629922a",Lakshmi Krishana Traders,"6301412982",17.42946053,78.42633057
"9e9127db-182a-4e22-a525-16e1d6c68f90",Lakshmi Vengamamba Executive Boys Hostel,"9347263113",17.48697000,78.41504600
"70d61f99-343a-43ce-9974-16fa9282ee8e",Lakshmi teja rice food grains,"9666966175",17.48369789,78.41411591
a5d66772-f9cd-47f2-9427-85b6eaa3628c,Lakshmi venkata sai rice traders,"8121116160",17.45452690,78.44359589
"8f26fccc-05ca-4aca-bff2-d1bf9cb1ca22",Lalitha kgs,"9866984844",17.46829605,78.43031311
e8224d1f-1dcb-47c4-8783-b11a71841217,Laxmi Narasimha kirana store,"6303638368",17.48168910,78.41023130
"2ddb84cd-2908-46d3-be0d-596644959e1d",Laxmi kgs,"9493332083",17.55569649,78.34300232
"375cdd47-4320-41b8-9c39-5e4a15075e66",Laxmi kgs,"7487909943",17.53299713,78.39275360
"5ede28c1-fc5a-4eb7-a928-8fd4e0e6ad1f",Laxmi kirana and genaral store,"7330842770",17.49684570,78.42529680
"5cd5e1ec-dcc3-4344-b9cf-91db49142dda",Laxmi narshima Kirana and general store,"8978497601",17.50569725,78.40908813
ee6e8f85-3f02-4d66-bb21-29dda55565ba,Laxmi rice stores,"9396573247",17.44705000,78.44477100
e2737bb1-5f35-4c25-95e6-a74a1bee01e5,Laxshmi santoshi kirana and general store,"9535362661",17.48878670,78.39919281
"9eb841be-27f5-445d-a0c7-d9b19592d254",Lithika Groceries store,"8688489396",17.48263931,78.39096832
dadecd6f-ed08-477c-8d01-de234bf9ae08,Lucky kirana and general store,"7036233725",17.48124313,78.37973022
f334dc57-b5cc-4bb1-b429-e3cd089769f6,M Mart,"9848807235",17.49699020,78.46777344
c5bdf81d-2055-47c2-a3c9-1804a704471c,M g traders,"9390006272",17.45151329,78.36705780
"866112cd-968a-48ca-92d4-e1f210bc58d6",M/S BALAJI KIRANA GENERAL STORES,"9246155860",17.51817900,78.39630100
"7fbb63ee-f1cc-43bb-8f12-e70c0dbfc250",M/S MATHAJI KIRANA & GENERAL STORES,"9849837695",17.44074700,78.39506600
b8f9c4ce-cc07-4307-9613-286e36d2c414,M/S SRI BALAJI INDULAL KIRANA & GENERAL STORES,"9121319790",17.50293350,78.42633820
"7bd9e799-ba90-4da7-bc11-751fe21ff7ed",MA FRESH SUPER MARKET,"9032951664",17.46381600,78.37634400
"68cd1a6e-1697-4c75-8eaf-f04292be7f05",MAA JAGADAMBA KIRANA & GENERAL STORES,"9000446392",17.45854700,78.39905600
b0d33193-c347-40e1-be46-92e548e96633,MADHURI KIRANA AND GENERAL STORE,"9177017114",17.52515030,78.37088013
"5e5f84c6-8084-4f9e-a9da-68a393779375",MADHVI KIRANAM AND GENERAL,"9848614890",17.52435900,78.38956500
"85e50bae-1222-48d7-87c1-f08ab06104c5",MAHALAKSHMI TRADERS,"8686924934",17.43867700,78.45003800
"7d6e702d-3ce2-48a0-90e3-2d9be895ecb8",MAHALAXMI KIRANA & GENERAL STORE,"7010922161",17.53303400,78.38913400
"96ef1b32-69b9-43af-bf68-a7418c87ac02",MAHALAXMI KIRANA & GENERAL STORE,"9392315632",17.49642000,78.41552000
"4ec30c76-a0ae-4400-93a5-9374aabf65ee",MAHALAXMI KIRANA & GENERAL STORES,"7893277029",17.49952700,78.40898800
"239b4de4-91a6-4bb8-8ffa-03a0515860e6",MAHALAXMI RICE & KIRANA & GENERAL STORE,"8801040323",17.52472300,78.38950200
"997d5622-f546-4668-8944-4304bb09398f",MAHALAXMI SANGAM DIARY PAROUR & KIRANA STORE,"8919900410",17.48757100,78.39632110
c93aafc3-e9e0-4c4e-ab5d-c481d711d65c,MALLIKRJUNA KIRANA & GENERAL STORE,"7306331339",17.48719340,78.38195650
"109e72eb-00b3-43d4-864e-139ca3390926",MANASA KIRANA AND GENERAL STORE,"7780283465",17.42785000,78.42908100
"6e111ea6-8088-4f1b-860d-d5cb59e65213",MARUTHI KIRANA & GENERAL STORES,"8058504580",17.55350900,78.34813200
"11adfad0-35ce-431b-a7b9-80e3d211b8ca",MASHA ALLAH KIRANA AND GENERAL STORE,"8374171725",17.40743256,78.41411591
cae06e9a-8c0c-4878-9dbd-9f66187e7a61,MATAJI KIRANA & GENERAL STORE,"9391658581",17.50017340,78.42004300
a6049b7e-a1a6-487a-bfaf-13f75f7a3423,MATHAJI KIRANA & GENERAL,"7680965009",17.48010390,78.35642220
"7bbbe88a-971e-4885-afcb-f523d3347e57",MOHAN KIRANA AND GENERAL STORES,"9989860147",17.49738312,78.38396454
fc798a17-4436-4547-9eaa-653243cea880,MOPARTHI COOL DRINKS AND KIRANA,"9949812398",17.49243736,78.40071106
"080b909e-7183-4dd7-9826-bb7bc77a1d1b",MS Lakshmi Narasimha kirana general stores,"9392651220",17.45347023,78.41294098
"64dbca1f-86af-4ee0-9cdb-ff4288407e8d",Maa Jyothi Kirana,"8096065842",17.48878479,78.35751343
"34ea6d76-eee2-40e2-84c8-75e7b3839511",Maaz Traders ,"9542067184",17.48595810,78.41317180
c53c6d8a-a251-47cf-9407-681676baf7be,Madhavi kirana and general store,"9032783969",17.47197340,78.38653190
"997a9dc8-bc93-477e-add4-838e86c3df56",Madhavi kirana and general store,"8801312223",17.50077248,78.38630676
bc5cfba4-775f-43c3-ae90-4d504d0e4895,Mahadev Kirana and General,"9885982274",17.50309944,78.39852142
ce7ff990-4a8e-4679-bb1a-0148d8aa4948,Mahadev kirana and general store,"9347943981",17.47426605,78.36024475
"6b80fb00-e29b-4461-a17f-b7135c8f6561",Mahalakshmi mini Super market,"9963449342",17.51978200,78.38577900
"20bf71d3-d2fb-4c78-9895-7edae248668b",Mahalaxmi  kgs,"6305631293",17.56109619,78.39797211
b64053e9-9ffe-4c82-bb13-d723d47fd495,Mahalaxmi Kirana General Store,"8374282260",17.48636000,78.38291000
b375b4d5-36d0-447f-bbf1-6061a9606e80,Mahalaxmi kirana Calvary road,"7780497240",17.49526596,78.37245178
"285c4768-9304-4e6a-affb-e7d5e7216a4d",Mahesh Water &  General Store,"9849111317",17.42196465,78.45571899
"360404af-dcdb-499e-9893-978a2cb74569",Manasa kgs,"9676092535",17.50740814,78.41315460
"6b33cb35-7209-4572-b1c1-de86f5ab325d",Mangaldeep kirana,"8790206011",17.51319313,78.38726807
"6c291227-df7c-4a97-99f9-4b8054a9807f",Manikanta Kirana and General Store,"9030459455",17.48760000,78.41157500
"3130fac1-d441-4f82-9b34-9514b1036f0e",Maruthi Market,"9100542771",17.50053900,78.38786300
e2ae0095-cee9-468c-a52e-104c1ce39d0b,Mataji kirana genral store kesar nagar,"9347158516",17.53427770,78.40305900
"91493fd5-146b-4930-a265-a3f886945f6d",Mathaji provision and general store,"7075899740",17.48319435,78.37428284
"3b7311ea-cb03-4ff7-a1e6-6b92109e8696",Meher Surya Chandra kirana and general,"9293940777",17.45379066,78.38925171
a12e483b-e570-45b9-8354-781d22ffd228,Modern mart,"9515797607",17.53424644,78.39244080
bec3079b-c673-44c6-a363-5c81d823e50e,Mounika kirana,"9959631466",17.46814537,78.41977692
"24b39a39-fcde-4523-968d-221ead52ee1b",NANDINI Kirana & General Store,"7386808739",17.49444800,78.42137100
ba7c11f6-1a3f-41e1-b402-6311b10f90dc,NANDITHA GENERAL STORE,"8247767235",17.48995700,78.39637600
adc5bf04-41f8-4d66-9f74-d5055e3b4994,NANI MILK POINT,"9908076391",17.50146920,78.43073190
be10d055-34eb-4d5c-ba67-ca2f2deee754,NARAYANA KGS,"8179335594",17.48387300,78.41684900
"22c93fd1-3e5e-4e48-9384-656dddbf6f0d",NATURAL FRESH MART,"7382456664",17.51757100,78.39463700
c93210a9-f344-4ac7-95a5-909b702c7fa1,NATURAL ORGANIC OILS,"8341512778",17.53146440,78.39488210
"369a668f-b291-4517-9d40-3832b69b16c2",NEELKAMAL TRADERS,"9494700092",17.48294400,78.30468500
"1f80d94b-8987-48d0-9f3b-459e406128ef",NEW CHOICE KIRANA & GENERAL STORE,"9700252007",17.48859600,78.35905400
bedba2f8-8f08-41dd-b32d-8880b30a28ce,NEW GANAPATHI KIRANA AND GENERAL STORE,"9550185878",17.45778847,78.42254639
f8301c55-2016-411d-9c01-944c5017010d,NEW WELCOME KIRANA,"9110306565",17.49427986,78.35615540
"46415375-6e07-47a4-b8e8-33d00994d37e",Nagalakshmi Bheemavaram Bajji Mixture,"9440635809",17.53545360,78.39263680
a85c2ac8-5f5e-48b7-8613-c721a5e01e48,Nagasai kirana general store ,"9393923889",17.47132111,78.36634827
"74240fb8-6f86-4db0-b788-6c316871ff2f",Narayan kirana and general store,"9701027512",17.52359200,78.38440704
"5797d0f5-c8f6-4f64-94c5-602accae98b3",Naveen rice traders,"9989695103",17.48708300,78.39215000
"7dfb7f84-c073-4c29-935d-011dc8027976",Neelima Natural Foods,"8885554245",17.52950000,78.39227000
"5be6ad28-48c2-403f-a3fa-3f26929b67e3",Nilkan mahadev kirana and general stores,"7903603875",17.44272000,78.36051100
"52de7ded-dc10-4eaf-8000-9cd3cf75b746",Nitika Luxury Womens Pg,"9177227904",17.49419975,78.39765167
d62460df-b85f-4fb3-826b-f7ac34446ecc,OM PROVISIONAL STORE KIRANA & GENERAL,"8121753669",17.49207200,78.41399300
"297ce966-ea4d-44ec-beab-0977467fdff0",OM SAI KIRANA & GENERAL STORE,"9030118330",17.50399420,78.41693020
"1b201e06-24ad-48ca-a15f-1f88ac0f65f2",OM SRI SAI RAM TRADERS,"7702445325",17.49724770,78.38352200
eb5dae6e-1d67-4f1c-b3fd-87e955b3b388,OM SRI SHANKARA PARVATHI KIRANA & GENERAL STORE,"9346197342",17.50505100,78.41305600
a271dff8-ec2b-4f64-b11f-ef511e5cc025,OS Enterprises,"9908848838",17.44105940,78.42807170
faaa6d93-482e-4942-8f53-2dd73fa94804,Om kirana,"8619300126",17.48659515,78.37943268
"25b08dab-9ba8-42e8-a6a1-64fcb886f617",Om sai mens hostel,"8008016700",17.54319382,78.37214661
"19a4b7cd-37e7-4136-b28b-cc19f07ee58d",Om sri rama devi rice store,"9849292038",17.48863400,78.42113400
"02c838f7-5be6-4368-8c05-d6e746cd12f6",PANDU KIRANA & GENERAL STORE,"6303394753",17.47162880,78.38952130
d36b96be-3c5e-45af-b9ef-d7105ceff283,PARAMESHWARI KIRANA & GENERAL STORE,"7416236514",17.48536900,78.36173000
f59133f9-6df6-4560-9ca3-e19c83e02586,PAVAN KIRANA & GENERAL STORE,"9601036433",17.50675560,78.42845510
f8705190-9ff5-4b81-86ff-763b2d722286,POLLAMGATTU STORES,"9640930003",17.51526500,78.39171920
"2ef6a0a2-e369-4da7-b65b-29786c2e0ecd",PRAJAPATI GENERAL STORE,"8885691060",17.44425774,78.39136505
"021f4d1d-981e-4451-bd94-40fea506f185",PRAMOD KIRANA & GENERAL STORE,"9919201082",17.47083000,78.38893200
"176fb412-f48d-4144-b262-72f371f734ad",PRASAD KIRANA & GENERAL STORE,"8463999891",17.48502770,78.38790910
af8d756d-4d11-438a-89a2-f226263de1ef,PUBLIX REACH FARMS,"7997544599",17.48350300,78.37937300
"9a4898db-6cb4-4256-93fc-70d95807ba28",PUJAA KIRANA AND GENERAL STORE,"8885956593",17.51933000,78.38334400
"38388e24-b93a-4aac-a180-bdb5a74d353c",Pabuji kirana,"9666888736",17.52639900,78.39221400
"3a91124f-c216-4957-99d1-9b53623878a3",Pabuji kirana and General,"8790955857",17.53053856,78.39428711
"328ec816-0519-435d-ade6-40c0076eabdb",Pabuji kirana and general store,"8341976068",17.52639300,78.39217300
e5a9f36a-4ab0-4d53-989b-a8c6dc1432ae,Padmavathi enterprises,"7997151542",17.50282170,78.40319250
"6f1d5c26-8a8f-4341-ade3-0cbcc3a65fcd",Padmavathi kirana,"8688231726",17.50285912,78.40096283
"8ba63534-fa15-4a0b-ae6a-1bd419ed49ae",Padmavathi milk center,"7036406039",17.50418663,78.41614532
b54f4187-a011-4421-ba83-0596f881f01f,Panduranga milk parlour,"9959983918",17.44603348,78.38858795
"6f5355ab-ab2e-42c8-8c1d-71d88b1345fe",Prajapathi kirana,"8686146942",17.49611092,78.42836761
"5b213238-1cca-45f9-a6dc-43c8b3341e92",Prakash kirana and general stores,"8008616316",17.47483444,78.38673401
"920d1062-cecb-4336-99ba-228ea17fbc55",Priyanka kirana general store,"9963017972",17.44697762,78.39262390
"3c8169bd-4265-4c1b-87f8-6f30cc0904cd",Pullaiah kirana general store,"8179208208",17.47418810,78.42831780
"083460fe-0e20-4d4c-a359-e410dcedd8ac",Purna kirana and General,"9573054354",17.49935532,78.40228271
"0a15d99a-a4e2-4005-bd92-f68a04ce3814",Pushpa anjali kirana,"9295850327",17.48763380,78.39745520
fb462005-06e3-4eab-b6fb-213ce21ee5be,R K KIRANA,"9059026422",17.45088959,78.36968231
"6590304e-649a-4d75-8dcd-aa52189ec8b4",R K MART,"9493921390",17.49129852,78.40016504
bd98f905-9067-45c9-aaac-e67843bdf772,RADHA KRISHNA KIRANA & GENERAL STORE,"6302762169",17.49116900,78.38016380
"2f91c353-3c7b-48cd-b187-2b956518802e",RAJESH KIRANA AND GENERAL STORE,"8106343196",17.51589100,78.39015400
"1c130504-e64a-4e99-922e-d578144437a3",RAJESH KIRANAM,"9154943323",17.47624000,78.36467000
c06c7947-c4ee-4b01-85d4-510c6e49ffc4,RAJYA LAKSHMI  KIRANA GENERAL STORE,"8125152564",17.50161300,78.38006700
fdeebcc6-01f9-4f33-b74e-4b05d1aa61b0,RAKESH KIRANA WHOLESALE &  RETAIL,"9490439516",17.49193640,78.43330610
f12b729a-9e38-456d-a7d8-fddee86b846a,RAMDEV KIRANA & GENERAL STORE,"9010756340",17.48450210,78.36239580
"8af16b8f-7a5e-444c-8e7b-c757e7cfe8bd",RAMDEV KIRANA & GENERAL STORE,"9393934998",17.49940491,78.42991638
"9bd1e7a5-de70-4f7a-9f07-3965f4340f61",RAMDEV KIRANA & GENERAL STORE,"7702776062",17.48004300,78.35608500
"243479f0-c4ba-4b26-8fdb-a29685ad9029",RAMDEV KIRANA AND GENERAL STORE,"6303778442",17.47343800,78.38954900
"89ddec67-c165-4b4c-9efe-e9a7076b9674",RAMDEV PROVISIONAL STORES,"9652048473",17.52722400,78.39239700
"10623b61-b2bc-4142-927a-630834c321b9",RAMYA KIRANA & GENERAL STORE,"9951800286",17.49448140,78.40332270
"99d0e50c-90cc-4342-be59-9c7190991118",RANA PROVISION,"9293132821",17.53821373,78.39331055
"3f7a7c8f-fe27-48ef-bfdd-47d9ef096273",RATHORE GENERAL STORE,"8422063578",19.19232160,72.86941590
"9374eb47-f34f-43bc-bb99-f1452e7c093e",REDDYS RICE DEPO KIRANA AND GENRAL STORE,"9573385466",17.54345800,78.37242200
e285cfb4-7333-4a04-aa8c-7ac769491c2f,RENU SRI KGS,"9703336500",17.49535300,78.40288200
a90e28a1-83eb-488a-8351-339cb2c25c0f,REVATHI KIRANA & GENERAL STORE,"7386562531",17.48349480,78.41454240
"2d4c9858-64e0-4408-850a-fb86766a453d",RICE MART WHOLESALE AND RETAIL,"9849291132",17.52084500,78.39589700
afc6d493-8fbf-42a9-8b55-6c7b932d9bf7,RIDDI SUDDI KIRAN STORE,"7993837340",17.54349518,78.37274933
"3888346a-cbfc-47c1-b297-93574a38b02b",RK KIRANA & GENERAL STORE,"9948554075",17.49319700,78.35613500
"78f085d3-8b95-4181-a033-371ed26cb1fa",RK kirana general store,"7416839069",17.48065600,78.36500300
bd480c2b-aa02-45dc-927c-369e6f0b299a,ROHAN TRADERS,"9948247902",17.52098083,78.38482666
"98cccae9-598e-43ce-b3fa-a1fc6e5483d4",RR KIRANA & GENERAL STORE,"6281418129",17.48936260,78.39517690
"487675e7-dd5d-479d-9ab8-dde828f5e6ac",RR kirana & general Store ,"8500955005",17.48935400,78.39517360
"437a6aad-a000-4597-8358-63dbb2edf7e6",Radha krishna kirana general store,"9985773045",17.44103241,78.35993195
b988e086-ed51-40e6-907e-d4f525436aca,Raghu,"9848568767",17.50522200,78.39725400
"4aa418ce-5ab0-4d5c-8784-8bdfae149e07",Rags Kirana,"8561011235",17.48519900,78.39668380
c942cee3-1d14-4297-bac2-8f4df36e3ad7,Raja Rajeshwari Kgs,"8019892347",17.48600960,78.41320038
"5bfb231d-71a8-42ce-a73b-b035e4cfd213",Rajasri Mart,"7416616698",17.48715900,78.42332400
"0272e2f1-9158-4ade-8434-af4fc1ee2385",Rakesh Bongoni,"8897261568",17.50335300,78.41751400
ddb435ee-b471-4ce5-ad8d-e268a5fce4ac,Rakesh kirana and general,"9296203578",17.49324608,78.35931396
d030935c-f1ab-4d56-bd57-1ddb4a6f1118,Ramanjaneyulu kirana and general store,"9949788273",17.49212074,78.35746002
"2dbf2d6a-b0a9-4c82-984e-2a96765f0371",Ramapeer kirana and general store,"8019466274",17.49062200,78.38181300
"17ca8a9a-5927-4098-baa4-6570cecb65ef",Ramdas confectionery,"9966661238",17.43439500,78.44391400
"30e56837-ecc1-45ba-9009-b49596e34432",Ramdev Enterprises,"7014429983",17.47164726,78.38951874
c9a2566d-3b0f-4f0d-a278-ba849b06e583,Ramdev Kirana and General Stores,"9948845781",17.48782920,78.41155200
"8ae8128d-dab9-4ba6-b180-4604cf3d8655",Ramdev kgs,"9676833970",17.50467682,78.41491699
"651f5d1d-657e-4314-ba93-00bb0a6b6ef6",Ramdev kirana,"7989673904",17.51505000,78.38870000
db3ff81b-1049-4405-9686-79994d06f75c,Ramdev kirana and general,"9030362031",17.47464752,78.35910797
a413fc28-7776-4d03-a64d-6db724287436,Ramdev kirana and general store,"6305750669",17.48787100,78.41156200
faf5ef13-628e-4b66-871a-38ea38778221,Ramdev kirana and general store,"9652402784",17.50466347,78.41490936
f40b813f-bb4e-4c67-a62f-90404e9cf096,Ramjivan amarchand kirana,"9959736739",17.49130249,78.40734863
"749c24d1-4ee7-46e6-a1c5-9136a3ffff5e",Raveendra unnam,"9032600070",17.52565765,78.39596558
"4b1466f8-b541-4892-8d16-26934538da66",Ravi kirana,"8008646084",17.48708580,78.37814890
aee28410-6e63-4361-aebf-97b9735b6ae1,Rekha kirana general store,"6301058176",17.47855377,78.36314392
"71336b1b-b8e2-4a41-a26b-0216efef0192",Rk kirana and general store,"7674823280",17.47255325,78.38915253
f99534dd-b8e8-4970-96ad-ee0c5ad87412,Rupa Kirana,"8125690365",17.51458168,78.38986206
"8d1161e6-9fa2-40c4-be73-12fbbb08c26d",Rupa kirana and general store,"8096568029",17.51460075,78.38996887
d24ac1ed-a719-48dc-99e0-1957dda2100f,S L S BOYS PG  HOSTEL,"6309394848",17.49191300,78.40754600
"5c31fa30-d3f2-41ff-88d4-088316f18ca5",S R KIRANA STORE,"7842014599",17.51647600,78.39487400
"12ea12df-c999-4194-85c6-ed712cc84894",S Seven Groceries,"9010573865",17.49233055,78.35724640
"30501c41-b84d-4ead-a69f-70333e19bcd7",S r kirana and general store,"9866524354",17.48687700,78.39568300
"9a2c6ced-0094-493c-9fbb-48471ea0f936",SAI BALAJI KIRANA & GENERAL STORES,"9492055112",17.47226100,78.38892500
"0c6d9e82-caed-4825-9ae8-36a99322a903",SAI BALAJI TIFFENS,"7981810982",17.48457146,78.41452789
e02471ae-7f3a-456f-bf86-157822052901,SAI OM PRIYA KIRANA & GENERAL STORE,"6302673650",17.49226210,78.39538590
dbd2a9ea-9812-4c0b-9ae3-d513f629b23a,SAI RAM KIRANA & GENERAL STORES,"7674810364",17.44979700,78.41707000
"38c99637-f63f-489e-bcb0-8ca7aa0ce218",SANTOSH KIRANA & GENERAL STORE,"9571149778",17.48927620,78.43983220
"18ff2279-9c9a-4e9f-8c3c-20f780fcbd79",SARADHA ENTERPRISES  KIRANA & GENERAL,"8639236968",17.47163300,78.38952300
"6d7bdf8d-9123-4e83-991f-4d9d14355fb2",SARITHA KIRANA & GENERAL STORES,"7674821783",17.47088200,78.38910690
"28440b64-aee4-4c20-af89-cd3a6ad66435",SATISH KIRANA & GENERAL STORE,"9640313028",17.49346100,78.41453100
"5e984770-8031-4ceb-a724-687a449aca98",SATYANARAYANA KIRANA,"9985006908",17.42003822,78.35250854
"118f5279-63f0-49f3-8de6-1e185dfdef79",SD STREET SUPER MARKET,"6304120363",17.45384500,78.38906000
"12a137cb-9329-4a7d-97b5-820fea824a50",SHABHA KIRANA & GENERAL STORE,"9542817422",17.51510650,78.39188310
edc2626f-b941-48ae-a35f-573a415cff39,SHAMBU LINGESHWARA BANGALORE IYENGAR BAKERY,"9347925872",17.51547300,78.39089400
"4ed5a631-eacc-432d-a2eb-75b0798776ea",SHIVA PARVATHI KIRANA & GENERAL STORE,"7207425134",17.48108100,78.39207400
a2beb55f-c195-4985-94a8-6de53d7f81f2,SHIVA SAI KIRANA AND GENERAL STORES,"7993413316",17.44103200,78.38869800
fdb36607-75bb-4c42-928d-8809e0c8aec7,SHREE VENKATESHWARA STORES,"9640097859",17.48748100,78.37803400
"8395aa0d-1566-4a89-a810-8d9eb4b4ba5b",SHRINE OPERA WOMEN'S PG,"8639430623",17.43782400,78.36635800
c048f1bf-145e-49d9-abfd-0b8bce218fdf,SHYAMALA KIRANA & GENERAL STORE,"7416361412",17.50970800,78.40554800
"455ae64a-6af3-47d1-99d1-9825e33efaf2",SIDDI VINAYAKA RICE STORES KIRANA AND DRY FRUITS,"9700325891",17.52564240,78.39583588
"29b8dac4-59a7-405e-9294-d31a8d8fa762",SINDHU KUTARI KIRANA & GENERAL STORE,"9000640461",17.47192400,78.39268500
d02c16ee-2e21-40c9-a627-7cb5920eec34,SLNS TRADERS ,"9640377909",17.47535600,78.36931000
"9af348a0-e164-44e3-96dc-de5cae9bfc8d",SOMESHWARA KIRANA & GENERAL STORES,"8186849029",17.53278400,78.35991400
"79ed505d-94dd-4ecc-9c44-c25074223260",SOUNDARYA ENTERPRISES ,"9502052053",17.48356500,78.37937000
cde05a03-9894-42a5-a237-9ed3f3c497a0,SREE SREE TIRUMALA TRADERS,"9494029206",17.52031140,17.52031140
"5d323eb0-397f-4e4f-bdd8-cb3e69bdd96b",SREE VARAHI TIFFINS,"9666351352",17.44700200,78.44536400
dad47f4a-1290-49bf-8ffe-6528d57363f5,SREE VINAYAKA KIRANA & GENERAL STORE,"9700698998",17.47294000,78.38699200
bf3ae52f-70d9-483b-ac8b-2a379c8d72b1,SREE YUKTA NATURAL PRODUCTS,"9885296777",17.49288700,78.39468700
fbf2e63d-7d8a-48a3-b66c-bbfc3266194e,SRI  BALAJI LADIES HOSTEL AND PG,"8686334499",17.44807243,78.39320374
ab60912b-cbea-4375-bbf9-94a05037d4f9,SRI ANJANEYA KIRANA GENERAL STORE,"8919778760",17.48505592,78.38293457
"13461d2b-f1b7-4454-9836-aa3e9a40f3c9",SRI ANNAPURNA FOOD COURT ,"9701009541",17.48144470,78.42985660
"7120c4ab-4d5b-4711-8933-bbf15987f299",SRI AYYAPPA SWAMY KIRANA & GENERAL STORE,"9030601824",17.50057600,78.42940800
"865677ff-6ffc-457c-a6dc-a2655546b8dd",SRI AYYAPPA TRADERS,"9908034966",17.48377178,78.41583100
fa1ada7d-13a2-4584-8f04-31e71e15d721,SRI BAJRANG KIRANAAND GENERAL,"8978764315",17.48834801,78.38935852
"25457bf0-db30-4e9c-bef6-9e4de1c56c9a",SRI BALAJI DAMODAR KIRANA AND GENERAL STORE,"8801744556",17.49775314,78.42176819
dc4f4b1a-5711-4bbe-9ae8-60033c64613c,SRI BALAJI DHANRAJ KIRANA & GENERAL STORE,"9694656940",17.46421700,78.37782500
"5c945570-8f4a-4ca7-a73d-645004a949b6",SRI BALAJI GRAND BAZAR,"9290700149",17.49048996,78.39978027
"812c719d-c901-4812-b15a-10d5b16a6c09",SRI BHAGYALAKSHMI GENERAL STORES,"8184891276",17.49594100,78.40481000
e1952ae9-a56a-4561-b1a8-f596071cb106,SRI DEVI TRADERS,"7702018999",17.44469910,78.44494640
"6ec190ea-d7df-43a0-a87c-828cf8d90502",SRI DILIP STORE,"7032727514",17.42979400,78.42712200
"9e6efb57-820e-404e-b2f2-54d4e367cb1f",SRI DURGA BHAVANI KIRANA & GENERAL STORES,"9701811383",17.48623800,78.38078500
fda3467f-b396-4bce-b89b-ba4db56fb018,SRI DURGA MATHA KIRANA AND GENERAL STORE,"9849306434",17.49669647,78.39071655
a1c881cc-b77b-42a9-bbda-cb90581baef9,SRI GOWRI KIRANA & GENERAL STORE,"9542787138",17.51519650,78.39206390
"1797a916-c3c3-4b4e-9dc1-01403478642f",SRI KANAKA DURGA KIRANA & GENERAL STORE,"9133652051",17.49020690,78.40934370
"6079e130-3710-456d-93c8-fd5e5cfba90d",SRI LAKSHMI DURGA KIRANA AND GENERAL STORE,"7036068956",17.49890300,78.41764100
e7be8279-ea19-4cd1-bfef-c3950d92b1e0,SRI LAKSHMI KIRANA & GENERAL STORE,"8885285605",17.48057000,78.36627600
"773d5b00-20c0-42ba-b469-0fe8d143031d",SRI LAKSHMI NARSIMHA KIRANA & GENERAL STORE,"9948701529",17.47428880,78.38579110
ebcb40e4-d5a4-41e9-b7ff-b400e2058a5f,SRI LAKSHMI THIRUPATHAMMA KIRANA GENERAL STORE,"6304205690",17.52564200,78.39316500
d0e57499-5329-430b-9aef-0b7de8e9511c,SRI LAXMI GANESH KIRANA & GENERAL STORE,"6305551570",17.52867500,78.38861200
"439ea595-03f5-4c0b-9479-82208d0caab9",SRI LAXMI KAVI KIRANA & GENERAL STORE,"9652860165",17.49897660,78.42204650
ea4d6ab8-4c0b-45a3-9979-4b00e72601a7,SRI LAXMI KIRANA & GENERAL STORES ,"6304370661",17.49980200,78.41567300
"76b24452-511d-47a5-89b9-df912e3537d6",SRI LAXMI NARSIMHA KIRANA & GENERAL STORE,"9908783218",17.52322500,78.39046200
"49364129-bd1f-43e1-b452-c0a5e7398349",SRI LAXMI NARSIMHA KIRANA & GENERAL STORE,"8179233239",17.48445200,78.36268020
"87b7273c-70cd-43dd-baf3-d949f9fa4130",SRI MAHALAKSHMI KIRANA & GENERAL STORE,"8686384796",17.49211900,78.35202300
"58348e68-e623-4f4b-9944-b08fd53a8ecd",SRI MAHALAKSHMI KIRANA GENERAL STORE,"7093149417",17.50493080,78.41416260
cba8deeb-4ea0-49dc-ad80-7dc67165b9e1,SRI MAHALAKSHMI RYTHU BAZAR,"9704488171",17.47356200,78.38957000
"7dc51da4-33cd-4775-8d35-5771d0af2c44",SRI MAHALAXMI KIRANA AND GENERAL STORES,"9676803025",17.51531410,78.38228610
b34f77db-6088-44fa-be17-910bff249b75,SRI MAHALAXMI WHOLESALE STORE,"8466829986",17.50504630,78.39925600
"8a0c8970-9dc1-4739-8b55-28341a689c75",SRI MALLIKARJUNA KIRANA,"9848639538",17.49887000,78.42914200
"427c952b-ad7c-4822-9295-fcf1f3ad97f1",SRI PRASANANJANEYA GROCERY STORE,"9550011097",17.51869300,78.39683600
"8ff73a50-71c3-47d1-aaa9-4b62462be329",SRI PRASANNANJANEYA KIRANA AND GENERAL,"9963838647",17.49538422,78.40284729
bd88226a-9716-420e-8e68-2b1c7377d129,SRI RAJA RAJESHWARI KIRANA & GENERAL STORE,"9000238138",17.51136400,78.40852700
e1854e12-c682-4aa8-9c12-63098bb97cc1,SRI RAJA RAJESHWARI KIRANA GENERAL STORE,"7337437022",17.51110200,78.40842830
"9afff3e9-d1d1-4d2b-bd73-4e8f41e9ca60",SRI RAMA TRIPURA KIRANA GENERAL STORE ,"9000831212",17.48231900,78.41620400
ff5cc289-d191-4cdf-bd28-43c39046fd2d,SRI RANGANAYAKA SWAMY KIRANA AND GENERAL STORE,"9866794372",17.49203491,78.40056610
adae3274-f34b-41ec-91ef-033230f23d4b,SRI SAI DRY FRUITS & SPICES,"9966612988",17.49456800,78.38849900
f186f8ea-2b97-48ca-8000-19a84f9f45df,SRI SAI DURGA KIRANA & GENERAL STORE,"9133299848",17.48296200,78.40703000
"16780c1e-09da-4a88-9c6d-7b62310d243a",SRI SAI GANESH KIRANA & GENERAL STORE,"9666904078",17.49872490,78.40510600
"8d94a2d7-1cb3-495b-aedb-0b5ae93aa795",SRI SAI KARTHIKEYA KIRANA & GENERAL STORE,"9381383818",17.49797030,78.42203750
"359a9f2e-7f84-4b1e-9462-b6bc3e6d26df",SRI SAI KIRANA  AND GENERAL STORES,"8885777665",17.53863144,78.36416626
"9944826f-0c0b-4c5b-ac8e-f22ac49d0934",SRI SAI KIRANA & GENERAL STORE,"8019139304",17.53314960,78.38826210
ae1213d8-3ceb-4d34-bc5c-17fca00c7fd2,SRI SAI KIRANA & GENERAL STORE,"8985785091",17.50613100,78.43083040
cb43ef3e-d9c9-4a6a-aeca-57096b947022,SRI SAI KIRANA STORE,"9908504158",17.52616110,78.36975910
e802ed3e-cdf9-407b-9789-5a0f60eafd4b,SRI SAI MANIKANTA KIRANA AND GENERAL,"9966199665",17.49629450,78.38891300
"02387bde-3208-4b22-bc26-3618995a0b0d",SRI SAI PINDI GIRNI,"9381993126",17.50057700,78.38817700
"241375b8-8b15-4f96-891d-a6a68aa08a3b",SRI SAI RAM  KIRANA & GENERAL STORE,"6303081021",17.49553840,78.43025160
"5a74d05a-a046-46ef-be73-e40942187a2e",SRI SAI RAM KIRANA GENERAL STORE ,"9392937508",17.51341040,78.39430080
"18aa3b60-ff01-4c91-8ab5-97302ca94114",SRI SAI SRINIVAS KIRANA & GENERAL STORE,"9848891436",17.51512700,78.39822100
"1c2c8e5e-ab0b-47dd-bd81-c1bbac33474e",SRI SAI TRADERS & XEROX,"8121605354",17.48807950,78.39791430
"8bf0bcdf-df37-4707-b1e7-64bec6ed1472",SRI SAI VAISHALI KIRANA AND GENERAL STORE,"8008411741",17.48740300,78.39245300
ee436b7f-bf2f-467f-9624-d5561d7bbb44,SRI SAI VEERABADRA KIRANA AND GENERAL STORE,"9347558760",17.45634700,78.41971900
aba67bd1-ee24-47bd-a2c9-5c9f8973ece7,SRI SAI VENKATA SURYA KIRANA & GENERAL STORE,"9110354758",17.50378800,78.39675800
"70e550f9-ca74-48f3-931b-0e18ac660896",SRI SANTHOSHI MATHA KIRANA & GENERAL STORES,"9100502025",17.48799100,78.42466300
d08f7db8-0045-4c32-b800-8298b4f23e5e,SRI SHIVA KARTHIKEYA KIRANA GENERAL STORE,"9052763888",17.52395600,78.39649800
"2c3b8e87-5316-4f0a-a35c-087fd56b76a6",SRI SRI SUPER MARKET,"9966777417",17.51941872,78.39083099
"4f924420-ce45-4144-815e-a1100ff89d0b",SRI SUNDHA MATA KIRANA & GENERAL STORE,"6375033353",17.47125200,78.39248600
"5250602b-3463-4b56-9341-8faebd37500c",SRI VASAVI STORES,"8801166276",17.50870132,78.40766144
f138542d-d1b5-4692-8533-654e84843de5,SRI VEERABADHRA KIRANA AND GENERAL STORE,"7013268093",17.44203758,78.39248657
"7be45ca5-0947-4413-b793-ac6566bf9da5",SRI VENGAMBA HOTEL,"9494643424",17.48460400,78.41393000
"1e3199d1-bcb7-4c4d-b6e7-d4a71b6c87fb",SRI VENKATA DURGA KIRANA & VEGETABLE SHOP,"9666356888",17.50891900,78.39003100
a96d26ec-b2ff-4648-8ecf-b3f3835c9750,SRI VENKATADRI PG FOR WOMENS,"9949995588",17.49203100,78.39616400
"69312632-f34d-4545-a07a-09e763c9e6af",SRI VENKATESHWARA DELUXE HOSTEL FOR MEN ,"8885646407",17.49888600,78.39594300
"97ccfff8-f1fc-4c7d-9dea-97aeff764d90",SRI VENKATESHWARA KGS,"8121239850",17.51492290,78.28955270
b3a1a127-2c7d-4cfb-8a23-9cd615cf7fc3,SRI VENKATESHWARA KIRANA & GENERAL STORE,"9246394906",17.48735400,78.41152100
"3a09c9dc-cff3-4f31-94cd-4e8a262b7e82",SRI VENKATESHWARA KIRANA & GENERAL STORE,"9948462236",17.48186600,78.41391000
b8f495be-25b7-40ea-b3ef-086b3f9e6263,SRI VENKATESHWARA KIRANA & GENERAL STORES,"9010962666",17.44414500,78.36111900
ec6bf49f-2175-48ac-ba3a-5c29ddf61373,SRI VENKATESHWARA KIRANA STORE,"7013342092",17.47439200,78.38740200
"8874cc71-94ed-4952-a261-1403b8c8fe7c",SRI VENKATESHWARA MILK & KIRANA,"9676788271",17.44945800,78.39197100
"8db461af-284f-4237-b53c-9c11ce87e86a",SRI VENKATESHWARA RICE TRADERS ,"9059988887",17.51996170,78.38362030
a24fdf25-6cd7-4518-83fc-b83e7fbe2477,SRI VENKATESHWARA TRADERS ,"9908812397",17.49463100,78.39503600
"5d920566-6fd1-4b43-b68d-674434a625ef",SRI VIGNESHWARA PARLOUR,"9515482139",17.50173400,78.37974500
"7bcb450c-085b-4279-8836-5444413f9272",SRI VIJAYA LAXMI KIRANA & GENERAL STORES,"9912465828",17.49108900,78.41853700
"9ad6fedd-637f-4c17-bb16-43a2ded1fda3",SRI VIJAYA TIFFING CENTRE,"8074928694",17.45477000,78.44271800
"157120af-addb-4ae1-aa03-692e6f241e0e",SRINIDHI KIRANA & GENERAL STORE,"7995539429",17.49396590,78.41507160
"122d9c48-d053-4b90-8239-7b34392c3211",SRINIJA KIRANA & GENERAL STORE,"6305386611",17.49132810,78.41781630
ef3d4560-ee86-4f58-bbcf-0f148bf96969,SUDEEPTHI KIRANA & GENERAL STORE,"8500093575",17.47749700,78.39442200
"8eb17e14-85ae-42c4-93de-38363358f0a3",SUDHAKAR KIRANA GENERAL & VEGETABLE,"9908114485",17.45356200,78.39372400
b3fd776e-f70d-447a-add0-7b29bbbe414a,SUNITHA KIRANA & GENERAL STORE,"7780747265",17.48448730,78.37925470
"4f455782-6b49-42db-813f-c764d3e3dfef",SVS KIRANA & GENERAL STORE,"8712975113",17.50002400,78.41999700
"1ceaf0da-938a-43eb-8155-2e84b3008bfd",SWARNA SHAKTI PRIVATE LIMITED,"7842951356",17.49140200,78.42171100
cedd6d5d-866a-40c8-b139-ca9ae60466ac,Sai Durga kirana general Store ,"9290537712",17.47396270,78.38605510
"55971790-f265-4c24-b212-a1bafef18e13",Sai Krishna kirana and General store,"9849242855",17.51828766,78.38192749
"73969539-a902-4e61-9950-13499209a899",Sai balaji kirana,"7981655072",17.47478294,78.36474609
"7a90d2d0-08c1-4856-a0e3-a2b17afd285e",Saieshwar kirana and general store,"7702726295",17.50684900,78.40875200
"2fe252ec-903e-4887-8a6e-3d92c6215384",Saikshitij kirana & general store,"9110381469",17.47653800,78.36356900
"74d13ba8-b290-44a9-affc-d0072945b95d",Sandeep kirana general store,"7700081901",17.47845078,78.36309052
e1be31e1-4322-4144-a864-917bef375454,Sangameshwar kiran store,"9177230119",17.48126984,78.41305542
"3dc3a034-a3db-4b8b-8a02-2057c59a25a2",Santosh Kirana and General,"9959175713",17.49038124,78.40970612
e5cc4855-332c-4af7-bcee-5a451d644673,Satish kirana,"9291549891",17.42550850,78.42835236
fac9d930-77be-496b-aae6-fa397f406fe0,Shalom milk products ,"9392491763",17.44697189,78.39139557
"0091d4d0-652c-4216-861b-93602831b326",Shiva Parvati enterprises,"9000579433",17.48150160,78.37786580
"9edb5b0c-eb85-4fce-a9e9-432c4ab22e75",Shiva Sai Kirana,"9849842487",17.48698040,78.39470670
ecdbbf7a-ac45-4662-bb02-7badd7977b10,Shiva sai tiffin center,"9392875952",17.50055122,78.42934418
a2db47aa-4772-47bd-92a9-0f2cfe43678d,Shree Shyam Mart,"7569006512",17.44435780,78.38465600
a3402451-5543-44f9-9fb7-62aaaab34dd2,Shree khiwaj trader,"9381343831",17.48101230,78.37636020
"3379fc58-0d14-4d04-8869-c898490f9a4c",Siri kirana and general store,"9652235006",17.49057370,78.41567760
"2657d395-d67a-4909-8649-0eb06e11361a",Siri kirana and general stores,"8886345444",17.48464200,78.38024100
b75afc24-75a8-41ec-8950-404958d9825b,Siva balaji rice and kirana general stores,"9949873168",17.48858600,78.39698000
"6aecf2cb-b458-4397-9b79-762418c0f1e4",Slg kirana stores,"9505955190",17.49430084,78.38861847
"2e940058-c0c2-4752-aa61-48bd62953b11",Sneha Kirana Store,"7674900496",17.43736267,78.35656738
"20a92881-2442-4a11-a5a8-5c032d5cc40a",Snehitha Kirana And general store,"9603872434",17.48864746,78.35620880
"442775c7-5032-47fe-9cfa-ef7ecaa464c4",Somiron stores,"9493497520",17.44865100,78.37021700
"8758abe0-5396-4aff-9c62-841b479504c7",Sravana sandhya Kirana And General Store,"8309994341",17.48239100,78.40971400
"415b5e1b-03c1-413e-a302-b29a0b88538b",Sree Ramalingeshwara kgs	,"6300189372",17.49943352,78.42000580
efc683dd-3b3b-47f0-a64d-aac16730c1ae,Sree Sangameswara kgs,"9502797605",17.49738600,78.42289700
"2c111fe5-cdd3-483a-acfa-444b159da284",Sree Srinivasa Kirana and General Store,"9502545645",17.48387718,78.41665649
c85f48fd-f90b-4714-a8bf-a8799db5beee,Sree Vaisnavi Traders,"9948562230",17.50155200,78.42797100
"3d2a7372-69a9-43ed-95fa-1fbe86027f0e",Sree laksminarayana provisional store,"8106837904",17.50095000,78.41754700
"4bedf5c7-3a6e-43dc-b641-b69c7bf40f67",Sree veerabhrashsara kirana and general store,"7013792198",17.49446106,78.46266937
cfdde1c0-bc6b-4c86-859d-4c6e3af9bd6f,Sreenidhi Kirana and General Store,"9964428393",17.51596090,78.37969890
"08ddc7a9-5972-4890-b3c3-7555ee2f7b54",Sri  Lakshmi Narasimha Swamy kirana General Store,"9032220835",17.52503700,78.38867600
f76079c1-b486-4b14-8bdf-a93041c08d65,Sri  vidya provision stores,"7661930798",17.48856354,78.38533020
"162ae4a3-861a-40d2-88dc-4845000cfc5e",Sri Aaradhya Kiranam And General Store,"9396436927",17.49891100,78.42550700
e548c9ae-80e7-4e94-a09c-801267a61eaa,Sri Anjaneya kirana and general store,"9010075357",17.52046776,78.38375854
af7eb756-cf80-41e2-b1d2-61b576e5dc5e,Sri Annapurna Rice traders,"9985100055",17.51702881,78.37853241
"4166ff46-9c90-46b0-8945-82efabaaf319",Sri Arbuda  Maa kirana and general store,"7416758655",17.44400024,78.38799286
"3e503660-f95c-4c50-9c78-e22e9779a6b1",Sri Balaji Rice Traders,"8008998665",17.52085114,78.39582825
"6b9f4236-ddf6-42eb-a213-7241a4f734c6",Sri Balaji indulal kirana general store,"8019551525",17.50776600,78.40774500
fe47666a-7ad8-4bb4-ad4e-8452a0e17045,Sri Balaji kirana and general stores,"9440794423",17.50170517,78.42750549
"32d91ea5-14d7-4162-a7df-3255d6f2847c",Sri Balaji kirana general store,"6300230298",17.49940440,78.40064260
ebde2677-2ec2-41cd-8b8a-8228e130aec0,Sri DHANALAXMI grand bazaar,"9949812353",17.49298477,78.34155273
d76c10c4-fcfe-4e84-b625-01d07e1c34d5,Sri Datta Sai Cold Pressed Oils,"9700186555",17.48998260,78.38131714
aa42407a-e9fa-42cc-8a88-42a7f07b260c,Sri Dhanalakshmi kiran General Store,"9704869296",17.51729130,78.38588990
"409ae507-da18-499a-8de5-ed034bc68eec",Sri Durga Bhavani kirana and General,"9640221962",17.50409126,78.40616608
d54d5d37-3256-41f0-aa1f-2d3c222e3f79,Sri Ganapathi Kirana and General,"8019281763",17.50278282,78.41837311
a44779e9-9e1c-447f-a200-2151a102978d,Sri Ganesh Traders,"9848776807",17.46948200,78.41927300
e778f890-4952-4739-bdf3-efe70e61c2ae,Sri Ganesh kirana,"9949146719",17.46772385,78.42428589
"2126ccac-3304-481b-b8eb-18ee58578b18",Sri Ganesh kirana and general store,"8886883805",17.48934555,78.38365173
d9e106d9-81e0-45aa-a034-c2b95d303efd,Sri Ganesh venkat sai Kirana,"9550565246",17.48861500,78.38522300
f6d5f2c8-6cbf-4f6e-9ce3-b87fe7ebd8f3,Sri Hanuman Kirana General Store,"9177812159",17.49027500,78.38597800
be824d74-28be-476c-8172-dbdbf416094d,Sri JK Traders,"8919115805",17.49618912,78.38874054
"1bd98a78-59bd-42fd-99ce-cfcff66658c6",Sri Jagadambasai kirana and general stores,"9912244123",17.48715200,78.38294200
"7041446b-7582-4ceb-80fd-96d6b09188b9",Sri Kanaka Durga kirana and general store,"9989951588",17.50335340,78.40217460
"58c8ac5d-c28b-487d-9d7d-7cb8355e7931",Sri Kanyaka Traders,"8686622728",17.52273300,78.39606800
b2eed26d-11fa-48c1-8644-f3fcb21c1bba,Sri Kartheswari  kirana,"9666624540",17.49949265,78.39380646
bf2eb465-9d62-4066-996e-c608b630ef9c,Sri Krishna sai kgs,"9966623059",17.48474884,78.41767120
"18f55d98-5c6a-412e-ac22-118512ae8abb",Sri Lakshmi Ganapathi kirana general,"9951124738",17.49070358,78.39611816
"9cd21f77-b891-4e38-b6d9-fc318ae062df",Sri Lakshmi Kirana General Store,"6302749535",17.49202919,78.38031769
"877f3b47-934f-4d09-9f64-762389ebee70",Sri Lakshmi Narasimha kirana store,"7207718969",17.48083300,78.37672300
"26d104ae-0dec-47b0-adda-f3ba19813d4d",Sri Lakshmi ganapathi kirana and general store,"9866563727",17.48983192,78.39743042
b46d9071-e6e8-47f2-9907-13438638535e,Sri Lakshmi general store,"9392473548",17.44926834,78.38869476
"505ffa41-2e92-447a-b463-ece9414fe1e2",Sri Lakshmi rice trade,"9248703050",17.47295952,78.42160034
"388c7ccc-8bca-4e49-933d-0c5af5edb3ba",Sri Laxmi Kirana General Store,"8074798766",17.49507090,78.42451300
"23647751-ec5c-4093-838d-8172d0d3f6b0",Sri Laxmi Narasimha Swamy kirana store,"9989215105",17.47245407,78.36324310
e0665499-dc82-47c1-a653-bbbd002d4bc9,Sri Laxmi Venkateshwara kirana,"7207645477",17.51671380,78.39413400
"844934c0-c6c6-4da5-a92e-51d499e8d324",Sri Laxmi Venkateswara Kirana And Stationery,"9347140919",17.51719220,78.38804630
"7bf01238-5126-42f0-96f4-04c105db9192",Sri Laxmi ganesh rice and kirana store,"9505837317",17.52867300,78.38863400
"43e83ed2-89d7-4125-a3d1-6470e2e3269e",Sri Laxmi kirana,"9553065972",17.52541930,78.38774520
"6cab5c09-a2cf-44ee-b448-9a444a5f307a",Sri Mahalakshmi Kirana and Genaral Store,"9866399702",17.48179200,78.37780800
"20eb306f-921f-4af3-a49c-f1f554ccdace",Sri Mahalaxmi Kirana And General Store,"6304257793",17.51070500,78.37930700
"15cfe9d5-1a98-4904-bad2-1cd3f389e0d2",Sri Mahalaxmi kgs,"9949976425",17.51117134,78.40523529
"4307f129-c9cb-41e4-a213-cd6d918c8c73",Sri Mallikarjuna Traders,"9848203539",17.49332810,78.39495850
"7c6551ee-4363-494b-93ff-bc2e3e47792c",Sri Mounika kirana,"6300298166",17.47142410,78.36625671
"58f6c856-ad78-4e37-b2bd-fe46143d3334",Sri Nidhi Dry Fruits And Spices,"9392607080",17.47529680,78.38590630
e45c8a0d-f50c-4e9d-9cd4-ea09a3535a49,Sri Raja Rajeswari kirana and General (Sumitra Nagar) ,"9346476583",17.49039459,78.40978241
"516d7a28-aabd-4ffb-aaac-24d1546921f7",Sri Raja rajeshwari kirana general Store ,"6302494700",17.49657720,78.40333650
b2f91458-656a-459e-b0ff-d89fdc842686,Sri Rajarajeshwara kirana and general Store,"9030898473",17.49180603,78.34604645
"4bda7920-bb4f-49e9-863b-584a99d5492a",Sri Rajyalaxmi  Kirana and general store,"9908515217",17.49410057,78.43383026
"8b367a73-e920-4cf2-969c-320f427a283f",Sri Rama Tiffins and Fastfood,"9985675313",17.51683044,78.37816620
"837dff2b-bfc6-4265-a182-6ebcdcd9145f",Sri Rama kirana & general stores,"7799898888",17.49486160,78.38856506
c383f1e8-36a9-4bec-9548-edf9c59303a5,Sri Renuka kgs,"9963899785",17.48319244,78.41800690
"33c455fd-e280-48a9-b875-e1ca5394d551",Sri Renuka yellamma kgs,"8247886506",17.48323441,78.41888428
"787684fb-82fe-4e83-a14e-0b5af4493af2",Sri Sai Kirana & General store,"9063645572",17.49343200,78.38841600
ec6fe41f-90c7-4a56-b565-ee149519c35c,Sri Sai Ram kgs,"9948573723",17.49763680,78.42926788
"265c789f-1fab-424d-ac73-f6759413fa00",Sri Sai Teja Traders,"9502138494",17.49087300,78.40807300
"6de2dc94-38d8-49f0-b4cb-d8720bb55236",Sri Sai Tirumala Kirana and General,"9505932224",17.52547646,78.39221954
e56ab0b6-37ae-4830-abcd-55fd842f68c1,Sri Sai milk center and kirana,"7330757041",17.48542080,78.38618050
"5124529b-86a1-4dd4-b6d6-060c40b42d80",Sri Sai venkateshwara Kirana & General ,"9000223613",17.48536300,78.38565100
"664fe43d-c7c8-493d-a691-2cc7e477c432",Sri Sangameshwara kirana ,"9640509611",17.48430000,78.41522000
c6470e26-2442-410b-b86c-24cddd13bb8b,Sri Santh store kirana and general store,"9985187178",17.48466873,78.41355896
"8e223b54-639e-4c04-8e5d-d3a64adc07eb",Sri SiddiRameshwara kirana and General,"9110764969",17.49930382,78.39589691
b6dc0c79-9717-41c9-9b33-498c0caca658,Sri Uma Sangameswara kirana,"9396835818",17.49887276,78.42005920
ef6485ad-1e91-46c8-8bf8-ab58ee2dba62,Sri Vaishnavi Kirana General Stores,"9160260781",17.49296761,78.38694763
af8d5237-b1dc-489c-b264-d24ac5c98745,Sri Valabha Dairy parlour ,"9866576729",17.49379921,78.39714813
b5ca56ed-7ae4-4c86-b78f-1323501b41ec,Sri Varina Kirana General Store,"6281742788",17.49678200,78.42824700
f2337d5d-acb7-409d-a518-c14f3e82c8e5,Sri Vasavi Kirana General Store,"7032681541",17.48246700,78.37878400
cfd49926-52df-4764-85a8-1cea34af7aab,Sri Veerabhadra kirana,"9985942820",17.48770142,78.42242432
ceab2ab7-ba38-42e5-831c-1adfdb9506f7,Sri Venkata prasannanjaneya kirana and General,"9989351757",17.52066040,78.39636990
"9664afa7-f7e4-47ae-9ea4-44e62c68f1ad",Sri Venkata sai kirana,"9705943353",17.49365234,78.35875702
"787356f4-96b9-4b6f-9064-52ff564a0677",Sri Venkateswara kirana and general store,"8074809447",17.50918700,78.38882800
"301f241f-0c92-48b9-82f3-41c6836ce95f",Sri Venkateswara kirana and general store,"9848593421",17.53630400,78.38953000
afd7c25c-7761-481c-8e31-aff38c59c32a,Sri Vigneshwara Kgs,"7569548422",17.50165200,78.37977000
e1b63dd3-7493-4c64-ba54-d2c16e2f705e,Sri anyaneya kirana store,"8008970288",17.44731331,78.37986755
"02bb6c34-67b5-4c4b-98f8-16236c5c1579",Sri balaji Babulal kgs,"9440447363",17.51546860,78.39225006
"3291d6e0-72af-4d44-80c9-514b040eef27",Sri balaji kgs,"7340408299",17.49704500,78.42420100
"78539306-253c-49a3-b89e-21c5fe7a1376",Sri balaji kirana and general store,"7780719327",17.50611180,78.38546730
"154e248d-f0bd-413f-a60d-24945d40ccab",Sri balaji kirana and general store,"8125686248",17.51593590,78.37987518
cdf24f05-5ce5-4afc-a5cf-47f630833acc,Sri balaji punamchand,"9701010598",17.49601364,78.45798492
d1fd0686-8eb9-43df-bf6c-23d857739d76,Sri balaji pusaram kirana,"9783863855",17.51253000,78.42557170
"93eb36be-6c66-49c2-a019-640bff193128",Sri chaitanya rice and kirana,"9505263730",17.46816826,78.42346191
"816c40c3-a9ef-4234-b26b-07168bba25e0",Sri dhanlaxmi kirana bjp kukatpally,"9553555020",17.48369217,78.41421509
"88641695-26f7-4bf7-8dcf-96b3fcf27fc9",Sri durga kirana and general store,"9963128367",17.48521800,78.42379700
"278b9670-1350-4be5-a661-fdb1f2e1a9c2",Sri eeshwara kirana and general store,"9100749670",17.44087601,78.36389923
d7b9808c-3c03-4ec8-93b2-a1d3bb7c942b,Sri ganpati laxmi narshimha kraina,"9908671539",17.48441696,78.38805389
"146a14e3-d715-4c60-b9c0-8be6f0add1e3",Sri kalki kirana and general stores,"9030300460",17.47159004,78.38966370
ad4da21a-c8f3-46cc-af82-bfea58dd8c2a,Sri khethaki sangmeswara kirana and general store,"9705200361",17.48683200,78.41328200
"6091b3b1-c0ba-45a0-ae8a-939d4e627c89",Sri kirti enterprises,"9704065144",17.48983000,78.39854100
b9312cde-bfe8-4112-8bcf-94f3cbc04554,Sri krishna kirana and general store,"6304856001",17.50181700,78.42696300
"7eea2ec4-f486-4936-866c-eaecdb510ff5",Sri lakshmi Kirana &general store,"7842989818",17.47471170,78.38603740
"24460fc0-eb6b-431e-a2de-36942fa9d6a7",Sri lakshmi venkateshwara kirana and general stires,"9866927407",17.50164032,78.41602325
"712c7b56-55f2-4966-8fda-3ba5693af4f1",Sri laxmi venkata sai kirana and milk centre,"9985311598",17.48535347,78.38413239
edc67139-b326-4f77-ab72-d4bb4a490d0b,Sri mahalaxmi kirana and general store,"8660188084",17.51076698,78.37943268
f09b78d9-ff76-45d7-ac68-2b0501226391,Sri mahaveer provisions,"9676932009",17.48800800,78.39565200
"8ab8e78f-87b4-4bdd-abac-0290378ae4d2",Sri mallikarjuna kgs,"9849452691",17.52351379,78.36964417
bb2aebb6-3896-4c3a-9da6-cad38f4797b3,Sri maruthi kirana and general store,"9948687846",17.49828339,78.35596466
eb01b279-0b9d-49cc-983c-0d7c12028158,Sri mathaji kirana and stores,"8897142630",17.49489021,78.43214417
"6aa86bff-af5b-4736-b5f8-1669ab87ed17",Sri rama laxmi kirana general stores,"8522076666",17.52444458,78.40168762
"045e19d2-e611-4340-9d55-2deda726ca10",Sri rama pooja store,"9440543190",17.49568176,78.45609283
"52c56a9e-4e77-4bab-9aef-48a8ab1747d6",Sri sai balaji kirana,"8008778365",17.45742798,78.38930511
d6c0d127-89f3-43b4-b6cd-7e735a0f070a,Sri sai durga kirana and general store,"9441803662",17.48411751,78.40843964
"5dd48a60-cd63-4780-8f51-0394602b768f",Sri sai enterprises,"9985574874",17.49097443,78.39801025
f745209e-5634-4481-92fb-3df412eb6946,Sri sai kirana and General store,"9502113017",17.47510147,78.35968018
"31e8c118-4675-439e-ba3a-5cb4495531d0",Sri sai kirana and general store,"9989957793",17.52448845,78.37091827
"0faecd93-8bd9-4b4a-983d-2289f1b049a0",Sri sai kirana general store,"9676659659",17.48286057,78.41243744
f5a88dff-a0bb-44b3-8794-41312dba51c8,Sri sai kirana general store,"8309793316",17.43235016,78.36769104
"6ad3158a-dda8-4725-bc59-ce39402b6960",Sri sai kiranam and general store,"7989708863",17.49472000,78.42453400
e4f95df5-a95d-4846-983f-7339c4bb2a3b,Sri sai ram enterprise,"9985339641",17.42613411,78.32804108
"27b4d72f-51ee-4910-a914-a2b30d70432f",Sri sai ram kirana,"9059350505",17.49698830,78.43143463
"2326b599-318c-47ef-b3a7-9df7ee6a31c0",Sri sanghameshwara Kirana,"8885642609",17.49737900,78.42285900
"94bd3105-3331-4f9d-a508-ce5768450bae",Sri saraswathi kirana,"9704751200",17.47559929,78.36167908
fde1ccd3-7da4-4939-bd79-729135f2c567,Sri shiva manikanta traders,"9391379187",17.48596382,78.42430878
"5627bd1d-9116-4ccf-a369-50c00851dab4",Sri shyam kirana and general Store,"7842422701",17.45613000,78.43204800
"86ac07d2-bb49-4644-a64a-cc246fe2fd92",Sri surya shiva balaji traders,"9490533283",17.47515106,78.38755035
e46a3b1e-9179-4d79-bbd5-372da504e55b,Sri tirumala stores,"9949435524",17.48884010,78.44559479
d107227f-aa0e-4540-bab3-2bec71393204,Sri veera sai durga kirana,"8341753631",17.49460700,78.39546700
ec25cf2e-da90-4885-9341-536828fb346a,Sri veerabadra kirana,"8309822957",17.50610733,78.41600037
"5c2b1c34-6c23-41a5-8d9e-9cd94c35afd5",Sri venkateshwara KGS,"7095729046",17.50259590,78.42622375
"0da2a591-cfb0-4e80-a926-3d9e2f0286e3",Sri venkateshwara kirana general store ,"8106756638",17.49135590,78.41376495
da1d888a-f997-4e36-8c56-ae56bff575ee,Sri venkateswara milk parlour,"9866028233",17.49359131,78.42108154
"0e6b2452-21ab-4371-8973-608c23fb804a",Sri venkatwswara vegetables and kirana,"7093788461",17.52969360,78.35249329
da549e07-dbb3-4e96-af25-780600d8848e,Sri venkteswara Kgs,"9989275886",17.50186539,78.41867828
fa437f1d-c5a0-43a9-a18f-24d6cce379b1,Sri vigneshwara kgs,"8499942818",17.53205950,78.39263390
"4dfcb4a9-c7c5-453c-965f-782307708bbd",Sri vigneswara dairy and agri products,"9490994054",17.52386665,78.40084839
"84d9990f-2994-413a-a958-3f2eb0903859",Sri vinayaka kirana and general stores,"9866086279",17.43155479,78.44939423
a50825a6-039d-4db4-a0dd-081a08d00c3d,SriHari Kirana And General Store,"9700020279",17.50109100,78.38273621
eb356ad4-0042-4856-892e-da82691261fd,Srinitha kirana,"9381477813",17.49154870,78.38020560
ae70cca0-0e43-4b1c-908a-1e143346b76d,Srinivas digidhukaan ,"8680062538",17.49812050,78.39048120
"0cd3167a-c81c-4d22-8bf7-08c3090666d0",Srinivas kgs,"9885665213",17.44034004,78.39565277
"467ba98d-361a-4e4f-b27c-893660db4b34",Srinivasa kirana and general store,"9493249444",17.45289421,78.38882446
"4cbfd6fa-58d5-47d4-b44b-58a7d2c9833c",Srinivasa kirana and general stores,"9866200833",17.46448517,78.44086456
b9224625-9236-4518-9666-0b077fff412e,Srinivasa kirana general store,"7989690469",17.45512390,78.44133759
f97b31c5-2ece-4b78-8572-aab1e1bb6515,Srinivasa rice and general stores,"9948739294",17.48727798,78.39570618
"3a11cb99-10ca-4cb6-9949-4eedcdacc238",Srivenkateshwara kgs,"9000522720",17.46936417,78.42424011
"0431bf58-9f47-49e8-8a84-2bd0e34e99ba",Ss kirana,"8790812914",17.47526932,78.38758087
"48da2aaf-2edb-4e5f-984f-46f3a6133e2e",Subhalakshmi kiran store,"8885649181",17.48870200,78.41175800
b9e46b51-903c-4033-9d15-062577f3ee73,Sudewpthi kirana and general store ,"9032018772",17.47750282,78.39219666
"8003cb6d-655f-4da7-9298-2d1f06d73ee1",Sukhibhava Rice Traders,"9502560853",17.49147034,78.35160065
bf39ad19-064e-4b25-ba8c-0296405ce054,Suresh kirana and General,"9059202249",17.49950600,78.42208099
f7b5102d-ed74-47c7-a8ac-de182c1d878b,Surya kirana,"9030111943",17.48567009,78.41791534
"84567735-6ebe-4562-8b33-e00e8b0b0f82",Swathi Good Food,"9640528526",17.51788521,78.38365936
"60581a15-02c0-4622-bc65-4d4f0740d642",Swetha kirana general store,"9502004103",17.50155640,78.38082886
"0ef01b77-81fe-452f-be64-8270e891bc22",TANVI BIRYANI'S,"9177916180",17.51266640,78.38518100
"36c59e48-54e3-4119-8785-6a52ec83cd89",TAPASVI KIRANA & GENERAL STORE,"7995123844",17.50660400,78.40873800
"229d7d2b-c6bf-4aed-8a89-4f546e4f0f5a",TEJASVI MARKETING & WHOLSALE,"9573011746",17.50519200,78.42059700
"9c41ac89-b5d2-4806-97e1-dc59e63a8825",THANUSHKA KIRANA & GENERAL STORE,"9652319890",17.51532370,78.38023590
fef82742-b63f-49b9-a398-968f34b0e51a,THE DAILY SHOP,"9959839995",17.44421800,78.38799200
"10ea3b35-bd82-45f9-9bb7-f7abb5e1a3ba",TIRUMALA RICE TRADERS,"9030161048",17.50578000,78.39471000
"38f4b17d-cf47-4cd4-b3e5-7ac61726a3cb",TIRUPATI TRADERS,"7981494530",17.49706650,78.38620758
"77639ce0-527c-404d-b2cd-023fcce769e0",TULJA BHAVANI TIFFINS AND CURRY POINT,"9390556941",17.46911430,78.42475128
"528d313a-ba82-4165-9dab-5600100d9474",Tanuj kiranam and general stores,"9949596959",17.48920059,78.39826965
"7279eae0-a50d-4ac6-8965-67755db9844e",Teja Sri Kirana and General,"9000772948",17.50522200,78.39725400
"48ff0375-9cbf-4d78-a686-91eefb21bbfb",Tejas Kirana store,"9000388479",17.49049377,78.37004852
"39d2e205-82b9-48d8-9b44-828df0932c8b",The Local Farmer Super Market,"9533344033",17.50966072,78.36763000
"3687a2de-8bf3-4b23-9c0c-0b6912deefa8",Thimmaiah kirana shop,"9912757361",17.50672700,78.36765100
"0d4a2bc7-4015-4b8c-8e8b-a17ec745c7c9",Thirupathaiah Provisional store,"8978753866",17.48419952,78.41432190
a1ab57eb-a208-4cc9-8ea1-075347d77638,Tirumala traders,"9618226622",17.49058342,78.40830231
"5ff53b40-1737-4a1a-aed7-c922c3c0f814",UJJWAL DRY FRUITS SPICES  & KIRANA GENERAL STORE,"6303215735",17.48314100,78.41023600
d38e6638-a21f-4565-820e-0e6b0710d686,Ujjwal stores,"7891283486",17.47242355,78.36100769
"1fdb4278-85b0-4031-990b-489032a54e11",Ujwala kirana and general store,"8309410276",17.49371300,78.42110400
a2c707e5-c858-471b-b688-d6887280661f,Usha kirana and General store,"9949812303",17.49233055,78.39866638
"17523bee-de9f-4da0-b00e-633d4164b288",V T M KIRANA & GENERAL STORES ,"7893985437",17.48554700,78.38079500
"0d8b1a67-0672-4ec1-98fc-0cf8bb4f7141",VAAMIKA DRY FRUITS ,"9492902129",17.48526490,78.37476910
"280d93a0-0d8f-4d63-84f2-48ca24276db2",VAISHNAVI KIRANA & GENERAL STORE,"7287862695",17.48489200,78.42353700
"7f9bff50-3132-4262-aaae-ab13b081edfa",VASU TIFFINS,"9000007339",17.51072400,78.37932000
"1172206e-1e44-42b7-bda9-6545b7b10a97",VEDA TIFFINS & MEALS,"9246572267",17.47721320,78.42583100
"0f2b732f-fe6b-4438-b3eb-4f5f426f8826",VEDASRI STATIONERY,"9849582775",17.54469200,78.36537700
"0767032d-3896-42d0-bb71-3898a6194b49",VEERABHADRA PROVISION STORE,"9010313381",17.49727100,78.41865500
"36a77277-f73a-420a-891f-59cf3f7705e2",VENKATA SAI DAIRY PARLOUR,"6301063457",17.49719900,78.42713100
"2c4fd742-fcfd-4e68-8c7b-056c89072a7c",VENKATA SAI DRY FRUITS & KIRANA GENERAL STORE,"9030090972",17.49074600,78.39826500
"65a97cbf-8139-4b2b-8979-262dff951fc9",VENKATA SAI TRADERS,"8341137487",17.48378944,78.41364288
"92c78720-3b92-4cb2-8b6c-62a56e7ab8d8",VENKATESHWARA AGENCIES,"9160336789",17.49081230,78.40824890
"3c1e557b-91c2-4cd5-899d-59a7c780b8b8",VIJAJA LAXMI KIRANAM,"9948720493",17.52073300,78.39620200
"127d9ae0-7547-40a6-a0e2-fddd0922e05f",VIJAY KIRANA,"9014997018",17.46147300,78.41327500
"0693c9a3-feca-457d-a5cf-8e2e511d5f04",VIJAY KIRANA & GENERAL STORE,"9949789282",17.51972300,78.35100800
b21b1b9e-b540-4f33-bfbd-0066d024767f,VIJAYA LAKSHMI KIRANA AND GENERAL STORE,"9603822609",17.52090090,78.39658280
"8c4e21bd-5ccd-4cac-a625-f6ff1f44b2d4",VIJAYA LAXMI KIRANA &GENERAL ,"9666532957",17.52484230,78.38784540
"8acef5d3-65fb-4bd4-a53f-f8ed4c968993",VIJAYA PROVISIONAL STORES,"9705321908",17.55010300,78.36302390
"84127182-2513-4ed5-b1cd-a30046de3052",VINAY KUMAR VEGETABLES FRUITS KIRANA AND GENERAL STORES,"9701123319",17.49948692,78.40142059
dfe860c6-cc00-43a1-a711-a5756359aa89,VINOD KIRANA & GENERAL STORE,"6301174326",17.52639730,78.39224190
"50d9d180-0f60-4ae9-817d-32d11df284f3",VR KIRANA AND GENERAL STORE,"9951929658",17.49044400,78.41556900
"3605de9e-88b4-4512-8695-e61fa280dcc0",VS GRAPHICS KIRANA & GENERAL STORE,"9908379249",17.47147700,78.38936900
"00e358ba-acd0-4894-85bf-ed8780bb0574",Vani Parameswara Kirana and General Stores,"9246949528",17.48369408,78.39556122
"087543f4-862e-45b0-8b04-4f961e40d0f6",Varalakshmi Traders,"9908237463",17.48818588,78.39747620
"89027c2e-2f4b-472e-895f-37cf4db6d749",Vasavi kirana,"9030383853",17.49133873,78.42201233
"174e88f7-5787-4711-8e8f-41049f561111",Vasavi kirana General Store,"9133535676",17.50862200,78.40734100
ebfe16a6-345f-427d-ad13-b871468d0ed5,Vasavi kirana and general store,"7702718819",17.50806618,78.39181519
"89bf61b5-275b-4dfc-8467-27f1a181bd00",Vasu kirana,"8121483494",17.50540180,78.41088500
"7b36d54d-57f5-4411-9397-c97b5b6d61ee",Veerabadra kirana and General,"9848444102",17.48817635,78.42178345
"320023ef-e79a-4b13-83f4-e129ee0d5f89",Veerabadra kirana general and oil store,"8247281995",17.46463585,78.42967987
d44be7d6-b26d-46bb-ba8a-ce6843048cc6,Veerbhadra kirana General Store,"9912506850",17.49600900,78.42452000
"22581b18-6887-4c66-ba71-2c205ce4fa59",Veg and kirana,"9618229609",17.44431496,78.39200592
"73674103-f1da-4f0c-8503-b5237a932a3d",Vengamabma Kirana Store ,"8790915715",17.48922510,78.37904900
ea6ab8fd-f0b4-4b3d-9094-85d466201447,Venkat lakshmi kirana genral store,"9676265455",17.48738070,78.41383340
"6248a8fd-4e0a-4433-9905-af7cd2b7dcad",Venkata Sai Kirana Store,"9704328923",17.49264908,78.35961151
b888a773-f625-4c59-b215-fc842985b065,Venkata Sai Ram Catering Services,"8019281425",17.49215698,78.39796448
"3b4c00bc-eb12-49c0-8cf6-e3e5c0876e1e",Venkata Sai kirana and genaral store,"9396499542",17.49587100,78.42525400
"86d35d82-793e-462f-9379-651fef0ffce2",Venkata Sai kirana and general store,"7997855456",17.48552300,78.39335320
cd2b560d-826a-49ac-a76f-b8f8d62e4575,Venkata lakshmi kirana&general store,"9866495078",17.48819923,78.37957764
"6f78d5d1-331c-4714-9a1b-c9e4c17166a6",Venkata mahalaxmi kirana Store,"9985677198",17.48124600,78.39193370
"5de29bf8-b8fb-4d64-abfe-4f7faa8456fc",Venkatasai traders,"7075343885",17.48369217,78.41365814
dab12e23-1113-4ce6-bd17-4ee957b103f0,Venkateshwara Kirana general store,"9963776724",17.50158400,78.42269770
"8bf24f14-1167-429f-b274-3ce4247d5998",Venkateshwara kirana general stores,"8143125714",17.51801872,78.38558197
"6f650e88-9003-4642-aaa5-19487c48daac",Venkateswara sainadh traders,"9440938377",17.46931076,78.42444611
"768acf30-f19a-4bb4-af3b-93a1fc2e695f",Vigneshwara kirana general Store ,"9014323132",17.48638060,78.39781540
"0fef97c0-f6bb-4806-b7a1-f45ab48fba7a",Vijay supermarket,"9848317773",17.48676872,78.38294983
de578979-39f8-4290-bd37-6372156da8dc,Vijaya Kirana and General store (Prashanti Nagar) ,"8019323423",17.47955704,78.42517853
"70c1284a-e886-462d-b974-517f5f54b9e7",Vijaya Lakshmi kirana,"9989459169",17.48678090,78.39589410
"3ba171df-f76a-4af5-ab20-878b9b22a645",Vijaya Laxmi Kirana and General Store,"9866884089",17.48839188,78.38256073
"86766dfd-6aee-46f7-acd5-32e6ffa3ce85",Vijayalakshmi Food Court,"9951848069",17.49661180,78.45494980
"6db9364f-798a-4229-bd81-234f24dd452e",Vijayalaxmi kirana and general store,"9177531504",17.51876640,78.35250092
"883653d4-cd32-4f03-8e35-108005ea7d71",Vijayalaxmi vegetable,"9948649832",17.51903720,78.39576720
"346d0bcd-cbfe-4cd6-836f-9f925bfaf550",Vishnu Narayan kirana,"9440446518",17.49619102,78.42059326
"8250b35b-e22e-4ac1-bb0d-2f1b1212c103",YOGESHWARA KIRANA AND GENERAL STORE,"9603798218",17.49803900,78.36414300
"23f73662-e251-496d-ae9e-f0ea99ba3cd2",Yadhalaxmi kgs,"9030303456",17.50611305,78.41262054
"956315d5-7d16-4773-8322-eb4cfa20c1e7",sri Siddeswara  kirana and General,"8688687851",17.51781082,78.38279724
"16472252-abb6-44e5-8efb-b074c98fbf3a",sri siddy vinayaka kirana and general store,"9848064009",17.53975400,78.36358600
"60bddc8e-82a5-4c0a-8e1d-eed076f835aa",sri venkatasai kirana and general store,"9966306549",17.49365807,78.42505646
"036ebf5a-f9ad-4ad5-9029-2926495fafb7",swetha kirana general,"9550360340",17.50153732,78.38078308
